Id,ActivityDate,TotalSteps,TotalDistance,TrackerDistance,LoggedActivitiesDistance,VeryActiveDistance,ModeratelyActiveDistance,LightActiveDistance,SedentaryActiveDistance,VeryActiveMinutes,FairlyActiveMinutes,LightlyActiveMinutes,SedentaryMinutes,Calories,TotalSleepRecords,TotalMinutesAsleep,TotalTimeInBed,SleepLevel_1,SleepLevel_2,SleepLevel_3,avg_heart_rate,sum_heart_rate,max_heart_rate,min_heart_rate
1503960366,2016-04-12,13162,8.5,8.5,0.0,1.87999999523163,0.550000011920929,6.05999994277954,0.0,25,13,328,728,1985,1.0,327.0,346.0,0.9450867052023122,0.0375722543352601,0.0173410404624277,,,,
1503960366,2016-04-13,10735,6.96999979019165,6.96999979019165,0.0,1.57000005245209,0.689999997615814,4.71000003814697,0.0,21,19,217,776,1797,2.0,384.0,407.0,0.9434889434889436,0.027027027027027,0.0294840294840294,,,,
1503960366,2016-04-14,10460,6.73999977111816,6.73999977111816,0.0,2.44000005722046,0.400000005960464,3.91000008583069,0.0,30,11,181,1218,1776,,,,,,,,,,
1503960366,2016-04-15,9762,6.28000020980835,6.28000020980835,0.0,2.14000010490417,1.25999999046326,2.82999992370605,0.0,29,34,209,726,1745,1.0,412.0,442.0,0.9321266968325792,0.0497737556561085,0.0180995475113122,,,,
1503960366,2016-04-16,12669,8.15999984741211,8.15999984741211,0.0,2.71000003814697,0.409999996423721,5.03999996185303,0.0,36,10,221,773,1863,2.0,340.0,367.0,0.93,0.05,0.02,,,,
1503960366,2016-04-17,9705,6.48000001907349,6.48000001907349,0.0,3.19000005722046,0.779999971389771,2.50999999046326,0.0,38,20,164,539,1728,1.0,700.0,712.0,0.98379970544919,0.01620029455081,0.0,,,,
1503960366,2016-04-18,13019,8.59000015258789,8.59000015258789,0.0,3.25,0.639999985694885,4.71000003814697,0.0,42,16,233,1149,1921,,,,,,,,,,
1503960366,2016-04-19,15506,9.88000011444092,9.88000011444092,0.0,3.52999997138977,1.32000005245209,5.03000020980835,0.0,50,31,264,775,2035,1.0,304.0,320.0,0.95,0.05,0.0,,,,
1503960366,2016-04-20,10544,6.67999982833862,6.67999982833862,0.0,1.96000003814697,0.479999989271164,4.23999977111816,0.0,28,12,205,818,1786,1.0,360.0,377.0,0.9549071618037136,0.0371352785145888,0.0079575596816976,,,,
1503960366,2016-04-21,9819,6.34000015258789,6.34000015258789,0.0,1.3400000333786,0.349999994039536,4.65000009536743,0.0,19,8,211,838,1775,1.0,325.0,364.0,0.8928571428571429,0.0989010989010989,0.0082417582417582,,,,
1503960366,2016-04-22,12764,8.13000011444092,8.13000011444092,0.0,4.76000022888184,1.12000000476837,2.24000000953674,0.0,66,27,130,1217,1827,,,,,,,,,,
1503960366,2016-04-23,14371,9.03999996185303,9.03999996185303,0.0,2.80999994277954,0.870000004768372,5.3600001335144,0.0,41,21,262,732,1949,1.0,361.0,384.0,0.9401041666666666,0.0572916666666666,0.0026041666666666,,,,
1503960366,2016-04-24,10039,6.40999984741211,6.40999984741211,0.0,2.92000007629395,0.209999993443489,3.27999997138977,0.0,39,5,238,709,1788,1.0,430.0,449.0,0.9576837416481068,0.042316258351893,0.0,,,,
1503960366,2016-04-25,15355,9.80000019073486,9.80000019073486,0.0,5.28999996185303,0.569999992847443,3.94000005722046,0.0,73,14,216,814,2013,1.0,277.0,323.0,0.8575851393188855,0.1238390092879257,0.0185758513931888,,,,
1503960366,2016-04-26,13755,8.78999996185303,8.78999996185303,0.0,2.32999992370605,0.920000016689301,5.53999996185303,0.0,31,23,279,833,1970,1.0,245.0,274.0,0.8941605839416058,0.0948905109489051,0.010948905109489,,,,
1503960366,2016-04-27,18134,12.210000038147,12.210000038147,0.0,6.40000009536743,0.409999996423721,5.40999984741211,0.0,78,11,243,1108,2159,,,,,,,,,,
1503960366,2016-04-28,13154,8.52999973297119,8.52999973297119,0.0,3.53999996185303,1.1599999666214,3.78999996185303,0.0,48,28,189,782,1898,1.0,366.0,393.0,0.931297709923664,0.0661577608142493,0.0025445292620865,,,,
1503960366,2016-04-29,11181,7.15000009536743,7.15000009536743,0.0,1.05999994277954,0.5,5.57999992370605,0.0,16,12,243,815,1837,1.0,341.0,354.0,0.963276836158192,0.0367231638418079,0.0,,,,
1503960366,2016-04-30,14673,9.25,9.25,0.0,3.55999994277954,1.41999995708466,4.26999998092651,0.0,52,34,217,712,1947,1.0,404.0,425.0,0.9505882352941176,0.0470588235294117,0.0023529411764705,,,,
1503960366,2016-05-01,10602,6.80999994277954,6.80999994277954,0.0,2.28999996185303,1.60000002384186,2.92000007629395,0.0,33,35,246,730,1820,1.0,369.0,396.0,0.9318181818181818,0.0555555555555555,0.0126262626262626,,,,
1503960366,2016-05-02,14727,9.71000003814697,9.71000003814697,0.0,3.21000003814697,0.569999992847443,5.92000007629395,0.0,41,15,277,798,2004,1.0,277.0,309.0,0.8964401294498382,0.0841423948220064,0.0194174757281553,,,,
1503960366,2016-05-03,15103,9.65999984741211,9.65999984741211,0.0,3.73000001907349,1.04999995231628,4.88000011444092,0.0,50,24,254,816,1990,1.0,273.0,296.0,0.9222972972972971,0.0675675675675675,0.0101351351351351,,,,
1503960366,2016-05-04,11100,7.15000009536743,7.15000009536743,0.0,2.46000003814697,0.870000004768372,3.8199999332428,0.0,36,22,203,1179,1819,,,,,,,,,,
1503960366,2016-05-05,14070,8.89999961853027,8.89999961853027,0.0,2.92000007629395,1.08000004291534,4.88000011444092,0.0,45,24,250,857,1959,1.0,247.0,264.0,0.9356060606060606,0.0606060606060606,0.0037878787878787,,,,
1503960366,2016-05-06,12159,8.02999973297119,8.02999973297119,0.0,1.97000002861023,0.25,5.80999994277954,0.0,24,6,289,754,1896,1.0,334.0,367.0,0.9100817438692098,0.0844686648501362,0.0054495912806539,,,,
1503960366,2016-05-07,11992,7.71000003814697,7.71000003814697,0.0,2.46000003814697,2.11999988555908,3.13000011444092,0.0,37,46,175,833,1821,1.0,331.0,349.0,0.9484240687679084,0.0458452722063037,0.0057306590257879,,,,
1503960366,2016-05-08,10060,6.57999992370605,6.57999992370605,0.0,3.52999997138977,0.319999992847443,2.73000001907349,0.0,44,8,203,574,1740,1.0,594.0,611.0,0.972176759410802,0.0261865793780687,0.0016366612111292,,,,
1503960366,2016-05-09,12022,7.71999979019165,7.71999979019165,0.0,3.45000004768372,0.529999971389771,3.74000000953674,0.0,46,11,206,835,1819,1.0,338.0,342.0,0.9883040935672516,0.0116959064327485,0.0,,,,
1503960366,2016-05-10,12207,7.76999998092651,7.76999998092651,0.0,3.34999990463257,1.1599999666214,3.25999999046326,0.0,46,31,214,746,1859,1.0,383.0,403.0,0.9503722084367244,0.0471464019851116,0.0024813895781637,,,,
1503960366,2016-05-11,12770,8.13000011444092,8.13000011444092,0.0,2.55999994277954,1.00999999046326,4.55000019073486,0.0,36,23,251,669,1783,1.0,285.0,306.0,0.931372549019608,0.0686274509803921,0.0,,,,
1503960366,2016-05-12,0,0.0,0.0,0.0,0.0,0.0,0.0,0.0,0,0,0,1440,0,,,,,,,,,,
1624580081,2016-04-12,8163,5.30999994277954,5.30999994277954,0.0,0.0,0.0,5.30999994277954,0.0,0,0,146,1294,1432,,,,,,,,,,
1624580081,2016-04-13,7007,4.55000019073486,4.55000019073486,0.0,0.0,0.0,4.55000019073486,0.0,0,0,148,1292,1411,,,,,,,,,,
1624580081,2016-04-14,9107,5.92000007629395,5.92000007629395,0.0,0.0,0.0,5.90999984741211,0.0099999997764825,0,0,236,1204,1572,,,,,,,,,,
1624580081,2016-04-15,1510,0.980000019073486,0.980000019073486,0.0,0.0,0.0,0.970000028610229,0.0,0,0,96,1344,1344,,,,,,,,,,
1624580081,2016-04-16,5370,3.49000000953674,3.49000000953674,0.0,0.0,0.0,3.49000000953674,0.0,0,0,176,1264,1463,,,,,,,,,,
1624580081,2016-04-17,6175,4.05999994277954,4.05999994277954,0.0,1.02999997138977,1.51999998092651,1.49000000953674,0.0099999997764825,15,22,127,1276,1554,,,,,,,,,,
1624580081,2016-04-18,10536,7.40999984741211,7.40999984741211,0.0,2.15000009536743,0.620000004768372,4.61999988555908,0.0099999997764825,17,7,202,1214,1604,,,,,,,,,,
1624580081,2016-04-19,2916,1.89999997615814,1.89999997615814,0.0,0.0,0.0,1.89999997615814,0.0,0,0,141,1299,1435,,,,,,,,,,
1624580081,2016-04-20,4974,3.23000001907349,3.23000001907349,0.0,0.0,0.0,3.23000001907349,0.0,0,0,151,1289,1446,,,,,,,,,,
1624580081,2016-04-21,6349,4.13000011444092,4.13000011444092,0.0,0.0,0.0,4.1100001335144,0.0199999995529652,0,0,186,1254,1467,,,,,,,,,,
1624580081,2016-04-22,4026,2.61999988555908,2.61999988555908,0.0,0.0,0.0,2.59999990463257,0.0,0,0,199,1241,1470,,,,,,,,,,
1624580081,2016-04-23,8538,5.55000019073486,5.55000019073486,0.0,0.0,0.0,5.53999996185303,0.0099999997764825,0,0,227,1213,1562,,,,,,,,,,
1624580081,2016-04-24,6076,3.95000004768372,3.95000004768372,0.0,1.14999997615814,0.910000026226044,1.88999998569489,0.0,16,18,185,1221,1617,,,,,,,,,,
1624580081,2016-04-25,6497,4.21999979019165,4.21999979019165,0.0,0.0,0.0,4.19999980926514,0.0199999995529652,0,0,202,1238,1492,,,,,,,,,,
1624580081,2016-04-26,2826,1.8400000333786,1.8400000333786,0.0,0.0,0.0,1.83000004291534,0.0099999997764825,0,0,140,1300,1402,,,,,,,,,,
1624580081,2016-04-27,8367,5.44000005722046,5.44000005722046,0.0,1.11000001430511,1.87000000476837,2.46000003814697,0.0,17,36,154,1233,1670,,,,,,,,,,
1624580081,2016-04-28,2759,1.78999996185303,1.78999996185303,0.0,0.0,0.200000002980232,1.60000002384186,0.0,0,5,115,1320,1401,,,,,,,,,,
1624580081,2016-04-29,2390,1.54999995231628,1.54999995231628,0.0,0.0,0.0,1.54999995231628,0.0,0,0,150,1290,1404,,,,,,,,,,
1624580081,2016-04-30,6474,4.30000019073486,4.30000019073486,0.0,0.899999976158142,1.27999997138977,2.11999988555908,0.0099999997764825,11,23,224,1182,1655,,,,,,,,,,
1624580081,2016-05-01,36019,28.0300006866455,28.0300006866455,0.0,21.9200000762939,4.19000005722046,1.9099999666214,0.0199999995529652,186,63,171,1020,2690,,,,,,,,,,
1624580081,2016-05-02,7155,4.92999982833862,4.92999982833862,0.0,0.860000014305115,0.589999973773956,3.47000002861023,0.0,7,6,166,1261,1497,,,,,,,,,,
1624580081,2016-05-03,2100,1.37000000476837,1.37000000476837,0.0,0.0,0.0,1.3400000333786,0.0199999995529652,0,0,96,1344,1334,,,,,,,,,,
1624580081,2016-05-04,2193,1.42999994754791,1.42999994754791,0.0,0.0,0.0,1.41999995708466,0.0,0,0,118,1322,1368,,,,,,,,,,
1624580081,2016-05-05,2470,1.61000001430511,1.61000001430511,0.0,0.0,0.0,1.58000004291534,0.0199999995529652,0,0,117,1323,1370,,,,,,,,,,
1624580081,2016-05-06,1727,1.12000000476837,1.12000000476837,0.0,0.0,0.0,1.12000000476837,0.0099999997764825,0,0,102,1338,1341,,,,,,,,,,
1624580081,2016-05-07,2104,1.37000000476837,1.37000000476837,0.0,0.0,0.0,1.37000000476837,0.0,0,0,182,1258,1474,,,,,,,,,,
1624580081,2016-05-08,3427,2.23000001907349,2.23000001907349,0.0,0.0,0.0,2.22000002861023,0.0,0,0,152,1288,1427,,,,,,,,,,
1624580081,2016-05-09,1732,1.12999999523163,1.12999999523163,0.0,0.0,0.0,1.12999999523163,0.0,0,0,91,1349,1328,,,,,,,,,,
1624580081,2016-05-10,2969,1.92999994754791,1.92999994754791,0.0,0.0,0.0,1.91999995708466,0.0099999997764825,0,0,139,1301,1393,,,,,,,,,,
1624580081,2016-05-11,3134,2.03999996185303,2.03999996185303,0.0,0.0,0.0,2.03999996185303,0.0,0,0,112,1328,1359,,,,,,,,,,
1624580081,2016-05-12,2971,1.92999994754791,1.92999994754791,0.0,0.0,0.0,1.91999995708466,0.0099999997764825,0,0,107,890,1002,,,,,,,,,,
1644430081,2016-04-12,10694,7.76999998092651,7.76999998092651,0.0,0.140000000596046,2.29999995231628,5.32999992370605,0.0,2,51,256,1131,3199,,,,,,,,,,
1644430081,2016-04-13,8001,5.82000017166138,5.82000017166138,0.0,2.27999997138977,0.899999976158142,2.64000010490417,0.0,30,16,135,1259,2902,,,,,,,,,,
1644430081,2016-04-14,11037,8.02000045776367,8.02000045776367,0.0,0.360000014305115,2.55999994277954,5.09999990463257,0.0,5,58,252,1125,3226,,,,,,,,,,
1644430081,2016-04-15,5263,3.82999992370605,3.82999992370605,0.0,0.219999998807907,0.150000005960464,3.45000004768372,0.0,3,4,170,1263,2750,,,,,,,,,,
1644430081,2016-04-16,15300,11.1199998855591,11.1199998855591,0.0,4.09999990463257,1.87999999523163,5.09000015258789,0.0,51,42,212,1135,3493,,,,,,,,,,
1644430081,2016-04-17,8757,6.36999988555908,6.36999988555908,0.0,2.25,0.569999992847443,3.54999995231628,0.0,29,13,186,1212,3011,,,,,,,,,,
1644430081,2016-04-18,7132,5.19000005722046,5.19000005722046,0.0,1.07000005245209,1.66999995708466,2.45000004768372,0.0,15,33,121,1271,2806,,,,,,,,,,
1644430081,2016-04-19,11256,8.18000030517578,8.18000030517578,0.0,0.360000014305115,2.52999997138977,5.30000019073486,0.0,5,58,278,1099,3300,,,,,,,,,,
1644430081,2016-04-20,2436,1.76999998092651,1.76999998092651,0.0,0.0,0.0,1.75999999046326,0.0099999997764825,0,0,125,1315,2430,,,,,,,,,,
1644430081,2016-04-21,1223,0.889999985694885,0.889999985694885,0.0,0.0,0.0,0.879999995231628,0.0099999997764825,0,0,38,1402,2140,,,,,,,,,,
1644430081,2016-04-22,3673,2.67000007629395,2.67000007629395,0.0,0.0,0.0,2.66000008583069,0.0099999997764825,0,0,86,1354,2344,,,,,,,,,,
1644430081,2016-04-23,6637,4.82999992370605,4.82999992370605,0.0,0.0,0.579999983310699,4.25,0.0,0,15,160,1265,2677,,,,,,,,,,
1644430081,2016-04-24,3321,2.41000008583069,2.41000008583069,0.0,0.0,0.0,2.41000008583069,0.0,0,0,89,1351,2413,,,,,,,,,,
1644430081,2016-04-25,3580,2.59999990463257,2.59999990463257,0.0,0.589999973773956,0.0599999986588955,1.95000004768372,0.0,8,1,94,1337,2497,,,,,,,,,,
1644430081,2016-04-26,9919,7.21000003814697,7.21000003814697,0.0,0.800000011920929,1.72000002861023,4.69000005722046,0.0,11,41,223,1165,3123,,,,,,,,,,
1644430081,2016-04-27,3032,2.20000004768372,2.20000004768372,0.0,0.0,0.0,2.20000004768372,0.0,0,0,118,1322,2489,,,,,,,,,,
1644430081,2016-04-28,9405,6.84000015258789,6.84000015258789,0.0,0.200000002980232,2.3199999332428,4.30999994277954,0.0,3,53,227,1157,3108,,,,,,,,,,
1644430081,2016-04-29,3176,2.30999994277954,2.30999994277954,0.0,0.0,0.0,2.30999994277954,0.0,0,0,120,1193,2498,1.0,119.0,127.0,0.937007874015748,0.0629921259842519,0.0,,,,
1644430081,2016-04-30,18213,13.2399997711182,13.2399997711182,0.0,0.629999995231628,3.14000010490417,9.46000003814697,0.0,9,71,402,816,3846,1.0,124.0,142.0,0.8732394366197183,0.1056338028169014,0.0211267605633802,,,,
1644430081,2016-05-01,6132,4.46000003814697,4.46000003814697,0.0,0.239999994635582,0.990000009536743,3.23000001907349,0.0,3,24,146,908,2696,,,,,,,,,,
1644430081,2016-05-02,3758,2.73000001907349,2.73000001907349,0.0,0.0700000002980232,0.310000002384186,2.34999990463257,0.0,1,7,148,682,2580,1.0,796.0,961.0,1.0,0.0,0.0,,,,
1644430081,2016-05-03,12850,9.34000015258789,9.34000015258789,0.0,0.720000028610229,4.09000015258789,4.53999996185303,0.0,10,94,221,1115,3324,,,,,,,,,,
1644430081,2016-05-04,2309,1.67999994754791,1.67999994754791,0.0,0.0,0.0,1.6599999666214,0.0199999995529652,0,0,52,1388,2222,,,,,,,,,,
1644430081,2016-05-05,4363,3.19000005722046,3.19000005722046,0.0,0.519999980926514,0.540000021457672,2.13000011444092,0.0099999997764825,6,12,81,1341,2463,,,,,,,,,,
1644430081,2016-05-06,9787,7.11999988555908,7.11999988555908,0.0,0.819999992847443,0.270000010728836,6.01000022888184,0.0199999995529652,11,6,369,1054,3328,,,,,,,,,,
1644430081,2016-05-07,13372,9.72000026702881,9.72000026702881,0.0,3.25999999046326,0.790000021457672,5.67000007629395,0.0099999997764825,41,17,243,1139,3404,,,,,,,,,,
1644430081,2016-05-08,6724,4.8899998664856,4.8899998664856,0.0,0.0,0.0,4.88000011444092,0.0,0,0,295,991,2987,1.0,137.0,154.0,0.8896103896103896,0.0909090909090909,0.0194805194805194,,,,
1644430081,2016-05-09,6643,4.82999992370605,4.82999992370605,0.0,2.39000010490417,0.349999994039536,2.08999991416931,0.0099999997764825,32,6,303,1099,3008,,,,,,,,,,
1644430081,2016-05-10,9167,6.65999984741211,6.65999984741211,0.0,0.879999995231628,0.810000002384186,4.96999979019165,0.0099999997764825,12,19,155,1254,2799,,,,,,,,,,
1644430081,2016-05-11,1329,0.970000028610229,0.970000028610229,0.0,0.0,0.0,0.949999988079071,0.0099999997764825,0,0,49,713,1276,,,,,,,,,,
1844505072,2016-04-12,6697,4.42999982833862,4.42999982833862,0.0,0.0,0.0,4.42999982833862,0.0,0,0,339,1101,2030,,,,,,,,,,
1844505072,2016-04-13,4929,3.25999999046326,3.25999999046326,0.0,0.0,0.0,3.25999999046326,0.0,0,0,248,1192,1860,,,,,,,,,,
1844505072,2016-04-14,7937,5.25,5.25,0.0,0.0,0.0,5.23000001907349,0.0,0,0,373,843,2130,,,,,,,,,,
1844505072,2016-04-15,3844,2.53999996185303,2.53999996185303,0.0,0.0,0.0,2.53999996185303,0.0,0,0,176,527,1725,1.0,644.0,961.0,0.8738127544097694,0.0773405698778833,0.0488466757123473,,,,
1844505072,2016-04-16,3414,2.25999999046326,2.25999999046326,0.0,0.0,0.0,2.25999999046326,0.0,0,0,147,1293,1657,,,,,,,,,,
1844505072,2016-04-17,4525,2.99000000953674,2.99000000953674,0.0,0.140000000596046,0.259999990463257,2.58999991416931,0.0,2,8,199,1231,1793,,,,,,,,,,
1844505072,2016-04-18,4597,3.03999996185303,3.03999996185303,0.0,0.0,0.479999989271164,2.55999994277954,0.0,0,12,217,1211,1814,,,,,,,,,,
1844505072,2016-04-19,197,0.129999995231628,0.129999995231628,0.0,0.0,0.0,0.129999995231628,0.0,0,0,10,1430,1366,,,,,,,,,,
1844505072,2016-04-20,8,0.0099999997764825,0.0099999997764825,0.0,0.0,0.0,0.0099999997764825,0.0,0,0,1,1439,1349,,,,,,,,,,
1844505072,2016-04-21,8054,5.32000017166138,5.32000017166138,0.0,0.119999997317791,0.519999980926514,4.67999982833862,0.0,2,13,308,1117,2062,,,,,,,,,,
1844505072,2016-04-22,5372,3.54999995231628,3.54999995231628,0.0,0.0,0.0,3.54999995231628,0.0,0,0,220,1220,1827,,,,,,,,,,
1844505072,2016-04-23,3570,2.35999989509583,2.35999989509583,0.0,0.0,0.0,2.35999989509583,0.0,0,0,139,1301,1645,,,,,,,,,,
1844505072,2016-04-24,0,0.0,0.0,0.0,0.0,0.0,0.0,0.0,0,0,0,1440,1347,,,,,,,,,,
1844505072,2016-04-25,0,0.0,0.0,0.0,0.0,0.0,0.0,0.0,0,0,0,1440,1347,,,,,,,,,,
1844505072,2016-04-26,0,0.0,0.0,0.0,0.0,0.0,0.0,0.0,0,0,0,1440,1347,,,,,,,,,,
1844505072,2016-04-27,4,0.0,0.0,0.0,0.0,0.0,0.0,0.0,0,0,1,1439,1348,,,,,,,,,,
1844505072,2016-04-28,6907,4.57000017166138,4.57000017166138,0.0,0.0,0.0,4.55999994277954,0.0,0,0,302,1138,1992,,,,,,,,,,
1844505072,2016-04-29,4920,3.25,3.25,0.0,0.0,0.0,3.25,0.0,0,0,247,1082,1856,,,,,,,,,,
1844505072,2016-04-30,4014,2.67000007629395,2.67000007629395,0.0,0.0,0.0,2.65000009536743,0.0,0,0,184,218,1763,1.0,722.0,961.0,0.6955684007707129,0.1984585741811175,0.1059730250481695,,,,
1844505072,2016-05-01,2573,1.70000004768372,1.70000004768372,0.0,0.0,0.259999990463257,1.45000004768372,0.0,0,7,75,585,1541,1.0,590.0,961.0,0.7632600258732212,0.1371280724450194,0.0996119016817593,,,,
1844505072,2016-05-02,0,0.0,0.0,0.0,0.0,0.0,0.0,0.0,0,0,0,1440,1348,,,,,,,,,,
1844505072,2016-05-03,4059,2.6800000667572,2.6800000667572,0.0,0.0,0.0,2.6800000667572,0.0,0,0,184,1256,1742,,,,,,,,,,
1844505072,2016-05-04,2080,1.37000000476837,1.37000000476837,0.0,0.0,0.0,1.37000000476837,0.0,0,0,87,1353,1549,,,,,,,,,,
1844505072,2016-05-05,2237,1.48000001907349,1.48000001907349,0.0,0.0,0.0,1.48000001907349,0.0,0,0,120,1320,1589,,,,,,,,,,
1844505072,2016-05-06,44,0.0299999993294477,0.0299999993294477,0.0,0.0,0.0,0.0299999993294477,0.0,0,0,2,1438,1351,,,,,,,,,,
1844505072,2016-05-07,0,0.0,0.0,0.0,0.0,0.0,0.0,0.0,0,0,0,1440,1347,,,,,,,,,,
1844505072,2016-05-08,0,0.0,0.0,0.0,0.0,0.0,0.0,0.0,0,0,0,1440,1347,,,,,,,,,,
1844505072,2016-05-09,0,0.0,0.0,0.0,0.0,0.0,0.0,0.0,0,0,0,1440,1347,,,,,,,,,,
1844505072,2016-05-10,0,0.0,0.0,0.0,0.0,0.0,0.0,0.0,0,0,0,1440,1347,,,,,,,,,,
1844505072,2016-05-11,0,0.0,0.0,0.0,0.0,0.0,0.0,0.0,0,0,0,1440,1347,,,,,,,,,,
1844505072,2016-05-12,0,0.0,0.0,0.0,0.0,0.0,0.0,0.0,0,0,0,711,665,,,,,,,,,,
1927972279,2016-04-12,678,0.469999998807907,0.469999998807907,0.0,0.0,0.0,0.469999998807907,0.0,0,0,55,734,2220,3.0,750.0,775.0,0.9615975422427036,0.0368663594470046,0.0015360983102918,,,,
1927972279,2016-04-13,356,0.25,0.25,0.0,0.0,0.0,0.25,0.0,0,0,32,986,2151,1.0,398.0,422.0,0.943127962085308,0.0402843601895734,0.0165876777251184,,,,
1927972279,2016-04-14,2163,1.5,1.5,0.0,0.0,0.400000005960464,1.10000002384186,0.0,0,9,88,1292,2383,,,,,,,,,,
1927972279,2016-04-15,980,0.680000007152557,0.680000007152557,0.0,0.0,0.0,0.680000007152557,0.0,0,0,51,941,2221,2.0,475.0,499.0,0.9553571428571428,0.0446428571428571,0.0,,,,
1927972279,2016-04-16,0,0.0,0.0,0.0,0.0,0.0,0.0,0.0,0,0,0,1440,2064,,,,,,,,,,
1927972279,2016-04-17,0,0.0,0.0,0.0,0.0,0.0,0.0,0.0,0,0,0,1440,2063,,,,,,,,,,
1927972279,2016-04-18,244,0.170000001788139,0.170000001788139,0.0,0.0,0.0,0.170000001788139,0.0,0,0,17,1423,2111,,,,,,,,,,
1927972279,2016-04-19,0,0.0,0.0,0.0,0.0,0.0,0.0,0.0,0,0,0,1440,2063,,,,,,,,,,
1927972279,2016-04-20,0,0.0,0.0,0.0,0.0,0.0,0.0,0.0,0,0,0,1440,2063,,,,,,,,,,
1927972279,2016-04-21,0,0.0,0.0,0.0,0.0,0.0,0.0,0.0,0,0,0,1440,2064,,,,,,,,,,
1927972279,2016-04-22,149,0.100000001490116,0.100000001490116,0.0,0.0,0.0,0.100000001490116,0.0,0,0,10,1430,2093,,,,,,,,,,
1927972279,2016-04-23,2945,2.03999996185303,2.03999996185303,0.0,0.0,0.0,2.03999996185303,0.0,0,0,145,1295,2499,,,,,,,,,,
1927972279,2016-04-24,2090,1.45000004768372,1.45000004768372,0.0,0.0700000002980232,0.239999994635582,1.13999998569489,0.0,1,6,75,1358,2324,,,,,,,,,,
1927972279,2016-04-25,152,0.109999999403954,0.109999999403954,0.0,0.0,0.0,0.109999999403954,0.0,0,0,12,1303,2100,,,,,,,,,,
1927972279,2016-04-26,3761,2.59999990463257,2.59999990463257,0.0,0.0,0.0,2.59999990463257,0.0,0,0,192,1058,2638,1.0,296.0,315.0,0.9526315789473684,0.0473684210526315,0.0,,,,
1927972279,2016-04-27,0,0.0,0.0,0.0,0.0,0.0,0.0,0.0,0,0,0,1440,2063,,,,,,,,,,
1927972279,2016-04-28,1675,1.1599999666214,1.1599999666214,0.0,0.0,0.0,1.1599999666214,0.0,0,0,95,1167,2351,1.0,166.0,178.0,0.9325842696629212,0.0674157303370786,0.0,,,,
1927972279,2016-04-29,0,0.0,0.0,0.0,0.0,0.0,0.0,0.0,0,0,0,1440,2063,,,,,,,,,,
1927972279,2016-04-30,0,0.0,0.0,0.0,0.0,0.0,0.0,0.0,0,0,0,1440,2064,,,,,,,,,,
1927972279,2016-05-01,2704,1.87000000476837,1.87000000476837,0.0,1.00999999046326,0.0299999993294477,0.829999983310699,0.0,14,1,70,1355,2411,,,,,,,,,,
1927972279,2016-05-02,3790,2.61999988555908,2.61999988555908,0.0,1.1599999666214,0.300000011920929,1.1599999666214,0.0,16,8,94,1322,2505,,,,,,,,,,
1927972279,2016-05-03,1326,0.920000016689301,0.920000016689301,0.0,0.730000019073486,0.0,0.180000007152557,0.0,10,0,17,1413,2195,,,,,,,,,,
1927972279,2016-05-04,1786,1.24000000953674,1.24000000953674,0.0,0.0,0.0,1.24000000953674,0.0,0,0,87,1353,2338,,,,,,,,,,
1927972279,2016-05-05,0,0.0,0.0,0.0,0.0,0.0,0.0,0.0,0,0,0,1440,2063,,,,,,,,,,
1927972279,2016-05-06,2091,1.45000004768372,1.45000004768372,0.0,0.0,0.0,1.45000004768372,0.0,0,0,108,1332,2383,,,,,,,,,,
1927972279,2016-05-07,1510,1.03999996185303,1.03999996185303,0.0,0.0,0.0,1.03999996185303,0.0,0,0,48,1392,2229,,,,,,,,,,
1927972279,2016-05-08,0,0.0,0.0,0.0,0.0,0.0,0.0,0.0,0,0,0,1440,2063,,,,,,,,,,
1927972279,2016-05-09,0,0.0,0.0,0.0,0.0,0.0,0.0,0.0,0,0,0,1440,2063,,,,,,,,,,
1927972279,2016-05-10,0,0.0,0.0,0.0,0.0,0.0,0.0,0.0,0,0,0,1440,2063,,,,,,,,,,
1927972279,2016-05-11,0,0.0,0.0,0.0,0.0,0.0,0.0,0.0,0,0,0,1440,2063,,,,,,,,,,
1927972279,2016-05-12,0,0.0,0.0,0.0,0.0,0.0,0.0,0.0,0,0,0,966,1383,,,,,,,,,,
2022484408,2016-04-12,11875,8.34000015258789,8.34000015258789,0.0,3.30999994277954,0.769999980926514,4.26000022888184,0.0,42,14,227,1157,2390,,,,,,,75.80417700578991,366589.0,134.0,52.0
2022484408,2016-04-13,12024,8.5,8.5,0.0,2.99000000953674,0.100000001490116,5.40999984741211,0.0,43,5,292,1100,2601,,,,,,,80.33758439609902,428360.0,156.0,51.0
2022484408,2016-04-14,10690,7.5,7.5,0.0,2.48000001907349,0.209999993443489,4.82000017166138,0.0,32,3,257,1148,2312,,,,,,,72.62859712230215,403815.0,127.0,50.0
2022484408,2016-04-15,11034,8.02999973297119,8.02999973297119,0.0,1.94000005722046,0.310000002384186,5.78000020980835,0.0,27,9,282,1122,2525,,,,,,,80.43738211995473,426479.0,189.0,53.0
2022484408,2016-04-16,10100,7.09000015258789,7.09000015258789,0.0,3.15000009536743,0.550000011920929,3.39000010490417,0.0,41,11,151,1237,2177,,,,,,,75.96054724785238,238744.0,136.0,49.0
2022484408,2016-04-17,15112,11.3999996185303,11.3999996185303,0.0,3.86999988555908,0.660000026226044,6.88000011444092,0.0,28,29,331,1052,2782,,,,,,,83.9171382376718,415222.0,161.0,52.0
2022484408,2016-04-18,14131,10.0699996948242,10.0699996948242,0.0,3.64000010490417,0.119999997317791,6.30000019073486,0.0,48,3,311,1078,2770,,,,,,,82.71282877079979,462282.0,153.0,54.0
2022484408,2016-04-19,11548,8.52999973297119,8.52999973297119,0.0,3.28999996185303,0.239999994635582,5.0,0.0,31,7,250,1152,2489,,,,,,,81.954,368793.0,162.0,54.0
2022484408,2016-04-20,15112,10.6700000762939,10.6700000762939,0.0,3.33999991416931,1.92999994754791,5.40000009536743,0.0,48,63,276,1053,2897,,,,,,,83.44403973509934,504002.0,166.0,50.0
2022484408,2016-04-21,12453,8.73999977111816,8.73999977111816,0.0,3.32999992370605,1.11000001430511,4.30999994277954,0.0,104,53,255,1028,3158,,,,,,,86.37481962481962,478862.0,203.0,53.0
2022484408,2016-04-22,12954,9.32999992370605,9.32999992370605,0.0,4.42999982833862,0.419999986886978,4.46999979019165,0.0,52,10,273,1105,2638,,,,,,,80.12544357700497,451587.0,153.0,52.0
2022484408,2016-04-23,6001,4.21000003814697,4.21000003814697,0.0,0.0,0.0,4.21000003814697,0.0,0,0,249,1191,2069,,,,,,,71.75562470081378,299795.0,109.0,50.0
2022484408,2016-04-24,13481,10.2799997329712,10.2799997329712,0.0,4.55000019073486,1.14999997615814,4.57999992370605,0.0,37,26,216,1161,2529,,,,,,,82.42124019957234,346911.0,163.0,53.0
2022484408,2016-04-25,11369,8.01000022888184,8.01000022888184,0.0,3.32999992370605,0.219999998807907,4.46000003814697,0.0,44,8,217,1171,2470,,,,,,,82.59916054564533,314868.0,159.0,49.0
2022484408,2016-04-26,10119,7.19000005722046,7.19000005722046,0.0,1.42999994754791,0.660000026226044,5.1100001335144,0.0,55,24,275,1086,2793,,,,,,,83.27837450769782,465193.0,154.0,51.0
2022484408,2016-04-27,10159,7.13000011444092,7.13000011444092,0.0,1.03999996185303,0.970000028610229,5.11999988555908,0.0,19,20,282,1119,2463,,,,,,,80.89912181941004,359273.0,145.0,38.0
2022484408,2016-04-28,10140,7.11999988555908,7.11999988555908,0.0,0.409999996423721,1.33000004291534,5.3899998664856,0.0,6,20,291,1123,2296,,,,,,,71.25103398669305,396227.0,114.0,51.0
2022484408,2016-04-29,10245,7.19000005722046,7.19000005722046,0.0,0.479999989271164,1.21000003814697,5.5,0.0,21,40,281,1098,2611,,,,,,,83.41287251655629,403051.0,134.0,50.0
2022484408,2016-04-30,18387,12.9099998474121,12.9099998474121,0.0,0.939999997615814,1.39999997615814,10.5699996948242,0.0,13,23,361,1043,2732,,,,,,,77.54921618665695,425435.0,123.0,51.0
2022484408,2016-05-01,10538,7.40000009536743,7.40000009536743,0.0,1.94000005722046,0.959999978542328,4.5,0.0,25,28,245,1142,2380,,,,,,,73.53145917001339,329568.0,118.0,44.0
2022484408,2016-05-02,10379,7.28999996185303,7.28999996185303,0.0,2.60999989509583,0.340000003576279,4.32999992370605,0.0,36,8,277,1119,2473,,,,,,,77.17174302533914,603020.0,137.0,50.0
2022484408,2016-05-03,12183,8.73999977111816,8.73999977111816,0.0,3.99000000953674,0.46000000834465,4.28000020980835,0.0,72,14,250,1104,2752,,,,,,,83.01962158374212,473876.0,169.0,51.0
2022484408,2016-05-04,11768,8.28999996185303,8.28999996185303,0.0,2.50999999046326,0.930000007152557,4.84999990463257,0.0,36,27,272,1105,2649,,,,,,,82.8033734939759,515451.0,159.0,54.0
2022484408,2016-05-05,11895,8.35000038146973,8.35000038146973,0.0,2.78999996185303,0.860000014305115,4.69999980926514,0.0,55,20,253,1112,2609,,,,,,,80.71003111572085,544712.0,156.0,55.0
2022484408,2016-05-06,10227,7.17999982833862,7.17999982833862,0.0,1.87000000476837,0.670000016689301,4.6399998664856,0.0,24,17,295,1104,2498,,,,,,,81.7220977976857,437867.0,118.0,60.0
2022484408,2016-05-07,6708,4.71000003814697,4.71000003814697,0.0,1.61000001430511,0.0799999982118607,3.01999998092651,0.0,20,2,149,1269,1995,,,,,,,76.06818181818181,197473.0,128.0,52.0
2022484408,2016-05-08,3292,2.30999994277954,2.30999994277954,0.0,0.0,0.0,2.30999994277954,0.0,0,0,135,1305,1848,,,,,,,76.95872093023256,132369.0,127.0,53.0
2022484408,2016-05-09,13379,9.39000034332275,9.39000034332275,0.0,2.11999988555908,1.62999999523163,5.6399998664856,0.0,35,47,297,1061,2709,,,,,,,81.51448231717075,509384.0,133.0,51.0
2022484408,2016-05-10,12798,8.97999954223633,8.97999954223633,0.0,2.22000002861023,1.21000003814697,5.55999994277954,0.0,57,28,271,1084,2797,,,,,,,86.58479771148345,423746.0,166.0,57.0
2022484408,2016-05-11,13272,9.31999969482422,9.31999969482422,0.0,4.17999982833862,1.14999997615814,3.99000000953674,0.0,58,25,224,1133,2544,,,,,,,83.52272192135625,354721.0,138.0,55.0
2022484408,2016-05-12,9117,6.40999984741211,6.40999984741211,0.0,1.27999997138977,0.670000016689301,4.44000005722046,0.0,16,16,236,728,1853,,,,,,,81.4136660051035,287146.0,152.0,55.0
2026352035,2016-04-12,4414,2.74000000953674,2.74000000953674,0.0,0.189999997615814,0.349999994039536,2.20000004768372,0.0,3,8,181,706,1459,1.0,503.0,546.0,0.9298892988929888,0.0608856088560885,0.0092250922509225,,,,
2026352035,2016-04-13,4993,3.09999990463257,3.09999990463257,0.0,0.0,0.0,3.09999990463257,0.0,0,0,238,663,1521,1.0,531.0,565.0,0.948051948051948,0.0445269016697588,0.0074211502782931,,,,
2026352035,2016-04-14,3335,2.0699999332428,2.0699999332428,0.0,0.0,0.0,2.04999995231628,0.0,0,0,197,653,1431,1.0,545.0,568.0,0.9491525423728814,0.0423728813559322,0.0084745762711864,,,,
2026352035,2016-04-15,3821,2.36999988555908,2.36999988555908,0.0,0.0,0.0,2.36999988555908,0.0,0,0,188,687,1444,1.0,523.0,573.0,0.9150442477876106,0.0725663716814159,0.0123893805309734,,,,
2026352035,2016-04-16,2547,1.58000004291534,1.58000004291534,0.0,0.0,0.0,1.58000004291534,0.0,0,0,150,728,1373,1.0,524.0,567.0,0.8896797153024911,0.1014234875444839,0.0088967971530249,,,,
2026352035,2016-04-17,838,0.519999980926514,0.519999980926514,0.0,0.0,0.0,0.519999980926514,0.0,0,0,60,1053,1214,1.0,437.0,498.0,0.944954128440367,0.055045871559633,0.0,68.65625,13182.0,80.0,63.0
2026352035,2016-04-18,3325,2.05999994277954,2.05999994277954,0.0,0.0,0.0,2.05999994277954,0.0,0,0,182,1062,1419,,,,,,,,,,
2026352035,2016-04-19,2424,1.5,1.5,0.0,0.0,0.0,1.5,0.0,0,0,141,785,1356,1.0,498.0,540.0,0.9124513618677044,0.0797665369649805,0.0077821011673151,,,,
2026352035,2016-04-20,7222,4.48000001907349,4.48000001907349,0.0,0.0,0.0,4.48000001907349,0.0,0,0,327,623,1667,1.0,461.0,510.0,0.9040816326530612,0.0959183673469387,0.0,,,,
2026352035,2016-04-21,2467,1.52999997138977,1.52999997138977,0.0,0.0,0.0,1.52999997138977,0.0,0,0,153,749,1370,1.0,477.0,514.0,0.9479553903345724,0.0520446096654275,0.0,,,,
2026352035,2016-04-22,2915,1.80999994277954,1.80999994277954,0.0,0.0,0.0,1.80999994277954,0.0,0,0,162,712,1399,1.0,520.0,545.0,0.9434628975265018,0.0459363957597173,0.0106007067137809,,,,
2026352035,2016-04-23,12357,7.71000003814697,7.71000003814697,0.0,0.0,0.0,7.71000003814697,0.0,0,0,432,458,1916,1.0,522.0,554.0,0.9327272727272728,0.06,0.0072727272727272,,,,
2026352035,2016-04-24,3490,2.16000008583069,2.16000008583069,0.0,0.0,0.0,2.16000008583069,0.0,0,0,164,704,1401,1.0,555.0,591.0,0.9597902097902098,0.0314685314685314,0.0087412587412587,,,,
2026352035,2016-04-25,6017,3.73000001907349,3.73000001907349,0.0,0.0,0.0,3.73000001907349,0.0,0,0,260,821,1576,1.0,506.0,531.0,0.98050139275766,0.0194986072423398,0.0,99.50581395348836,51345.0,125.0,70.0
2026352035,2016-04-26,5933,3.6800000667572,3.6800000667572,0.0,0.0,0.0,3.6800000667572,0.0,0,0,288,1018,1595,,,,,,,,,,
2026352035,2016-04-27,6088,3.76999998092651,3.76999998092651,0.0,0.0,0.0,3.76999998092651,0.0,0,0,286,586,1593,1.0,508.0,545.0,0.9366197183098592,0.0545774647887323,0.0088028169014084,,,,
2026352035,2016-04-28,6375,3.95000004768372,3.95000004768372,0.0,0.0,0.0,3.95000004768372,0.0,0,0,331,626,1649,1.0,513.0,545.0,0.9565217391304348,0.0351966873706004,0.0082815734989648,,,,
2026352035,2016-04-29,7604,4.71000003814697,4.71000003814697,0.0,0.0,0.0,4.71000003814697,0.0,0,0,352,492,1692,1.0,490.0,510.0,0.9345637583892618,0.0570469798657718,0.0083892617449664,,,,
2026352035,2016-04-30,4729,2.9300000667572,2.9300000667572,0.0,0.0,0.0,2.9300000667572,0.0,0,0,233,594,1506,1.0,573.0,607.0,0.965742251223491,0.0277324632952691,0.0065252854812398,,,,
2026352035,2016-05-01,3609,2.27999997138977,2.27999997138977,0.0,0.0,0.0,2.27999997138977,0.0,0,0,191,716,1447,1.0,527.0,546.0,0.9437148217636022,0.048780487804878,0.0075046904315197,,,,
2026352035,2016-05-02,7018,4.34999990463257,4.34999990463257,0.0,0.0,0.0,4.34999990463257,0.0,0,0,355,716,1690,1.0,511.0,543.0,0.983739837398374,0.016260162601626,0.0,84.13457076566125,36262.0,122.0,70.0
2026352035,2016-05-03,5992,3.72000002861023,3.72000002861023,0.0,0.0,0.0,3.72000002861023,0.0,0,0,304,981,1604,,,,,,,,,,
2026352035,2016-05-04,6564,4.07000017166138,4.07000017166138,0.0,0.0,0.0,4.07000017166138,0.0,0,0,345,530,1658,1.0,538.0,560.0,0.9592198581560284,0.0407801418439716,0.0,,,,
2026352035,2016-05-05,12167,7.53999996185303,7.53999996185303,0.0,0.0,0.0,7.53999996185303,0.0,0,0,475,479,1926,1.0,468.0,485.0,0.9547325102880658,0.0432098765432098,0.0020576131687242,,,,
2026352035,2016-05-06,8198,5.07999992370605,5.07999992370605,0.0,0.0,0.0,5.07999992370605,0.0,0,0,383,511,1736,1.0,524.0,548.0,0.978021978021978,0.0201465201465201,0.0018315018315018,,,,
2026352035,2016-05-07,4193,2.59999990463257,2.59999990463257,0.0,0.0,0.0,2.59999990463257,0.0,0,0,229,665,1491,1.0,511.0,521.0,0.9559633027522936,0.0385321100917431,0.0055045871559633,,,,
2026352035,2016-05-08,5528,3.45000004768372,3.45000004768372,0.0,0.0,0.0,3.45000004768372,0.0,0,0,258,610,1555,1.0,541.0,568.0,0.9545454545454546,0.0419580419580419,0.0034965034965034,,,,
2026352035,2016-05-09,10685,6.61999988555908,6.61999988555908,0.0,0.0,0.0,6.59999990463257,0.0,0,0,401,543,1869,1.0,531.0,556.0,0.9637096774193548,0.0282258064516129,0.0080645161290322,98.2339008142117,132714.0,123.0,70.0
2026352035,2016-05-10,254,0.159999996423721,0.159999996423721,0.0,0.0,0.0,0.159999996423721,0.0,0,0,17,1002,1141,1.0,357.0,380.0,0.9239904988123516,0.0712589073634204,0.004750593824228,,,,
2026352035,2016-05-11,8580,5.32000017166138,5.32000017166138,0.0,0.0,0.0,5.32000017166138,0.0,0,0,330,569,1698,1.0,523.0,553.0,0.9463955637707948,0.0462107208872458,0.0073937153419593,,,,
2026352035,2016-05-12,8891,5.51000022888184,5.51000022888184,0.0,0.0,0.0,5.51000022888184,0.0,0,0,343,330,1364,1.0,456.0,485.0,0.9727272727272728,0.0272727272727272,0.0,,,,
2320127002,2016-04-12,10725,7.48999977111816,7.48999977111816,0.0,1.16999995708466,0.310000002384186,6.01000022888184,0.0,13,9,306,1112,2124,,,,,,,,,,
2320127002,2016-04-13,7275,4.90000009536743,4.90000009536743,0.0,0.0,0.0,4.90000009536743,0.0,0,0,335,1105,2003,,,,,,,,,,
2320127002,2016-04-14,3973,2.6800000667572,2.6800000667572,0.0,0.0,0.0,2.6800000667572,0.0,0,0,191,1249,1696,,,,,,,,,,
2320127002,2016-04-15,5205,3.50999999046326,3.50999999046326,0.0,0.0,0.0,3.50999999046326,0.0,0,0,245,1195,1801,,,,,,,,,,
2320127002,2016-04-16,5057,3.41000008583069,3.41000008583069,0.0,0.0,0.0,3.40000009536743,0.0,0,0,195,1245,1724,,,,,,,,,,
2320127002,2016-04-17,6198,4.17999982833862,4.17999982833862,0.0,0.0,0.0,4.17999982833862,0.0,0,0,249,1191,1852,,,,,,,,,,
2320127002,2016-04-18,6559,4.42000007629395,4.42000007629395,0.0,0.0,0.259999990463257,4.1399998664856,0.0,0,7,260,1173,1905,,,,,,,,,,
2320127002,2016-04-19,5997,4.03999996185303,4.03999996185303,0.0,0.0,0.379999995231628,3.66000008583069,0.0,0,11,228,1201,1811,,,,,,,,,,
2320127002,2016-04-20,7192,4.84999990463257,4.84999990463257,0.0,0.0,0.490000009536743,4.34000015258789,0.0,0,11,283,1146,1922,,,,,,,,,,
2320127002,2016-04-21,3404,2.28999996185303,2.28999996185303,0.0,0.0599999986588955,0.419999986886978,1.80999994277954,0.0,1,10,127,1302,1610,,,,,,,,,,
2320127002,2016-04-22,5583,3.75999999046326,3.75999999046326,0.0,0.0,0.0,3.75999999046326,0.0,0,0,266,1174,1851,,,,,,,,,,
2320127002,2016-04-23,5079,3.42000007629395,3.42000007629395,0.0,0.0,0.0,3.42000007629395,0.0,0,0,242,1129,1804,1.0,61.0,69.0,0.8840579710144928,0.0579710144927536,0.0579710144927536,,,,
2320127002,2016-04-24,4165,2.80999994277954,2.80999994277954,0.0,0.0,0.0,2.79999995231628,0.0,0,0,204,1236,1725,,,,,,,,,,
2320127002,2016-04-25,3588,2.42000007629395,2.42000007629395,0.0,0.230000004172325,0.200000002980232,1.99000000953674,0.0,3,5,152,1280,1654,,,,,,,,,,
2320127002,2016-04-26,3409,2.29999995231628,2.29999995231628,0.0,0.0,0.0,2.29999995231628,0.0,0,0,147,1293,1632,,,,,,,,,,
2320127002,2016-04-27,1715,1.1599999666214,1.1599999666214,0.0,0.0,0.0,1.1599999666214,0.0,0,0,82,1358,1481,,,,,,,,,,
2320127002,2016-04-28,1532,1.02999997138977,1.02999997138977,0.0,0.0,0.0,1.02999997138977,0.0,0,0,76,1364,1473,,,,,,,,,,
2320127002,2016-04-29,924,0.620000004768372,0.620000004768372,0.0,0.0,0.0,0.620000004768372,0.0,0,0,45,1395,1410,,,,,,,,,,
2320127002,2016-04-30,4571,3.07999992370605,3.07999992370605,0.0,0.0,0.0,3.0699999332428,0.0,0,0,234,1206,1779,,,,,,,,,,
2320127002,2016-05-01,772,0.519999980926514,0.519999980926514,0.0,0.0,0.0,0.519999980926514,0.0,0,0,40,1400,1403,,,,,,,,,,
2320127002,2016-05-02,3634,2.45000004768372,2.45000004768372,0.0,0.360000014305115,0.209999993443489,1.87999999523163,0.0,5,6,123,1306,1613,,,,,,,,,,
2320127002,2016-05-03,7443,5.01999998092651,5.01999998092651,0.0,1.49000000953674,0.370000004768372,3.16000008583069,0.0,20,10,206,1204,1878,,,,,,,,,,
2320127002,2016-05-04,1201,0.810000002384186,0.810000002384186,0.0,0.0,0.0,0.810000002384186,0.0,0,0,52,1388,1426,,,,,,,,,,
2320127002,2016-05-05,5202,3.50999999046326,3.50999999046326,0.0,0.0,0.389999985694885,3.10999989509583,0.0,0,11,223,1206,1780,,,,,,,,,,
2320127002,2016-05-06,4878,3.28999996185303,3.28999996185303,0.0,0.0,0.0,3.28999996185303,0.0,0,0,204,1236,1742,,,,,,,,,,
2320127002,2016-05-07,7379,4.96999979019165,4.96999979019165,0.0,0.0,0.0,4.96999979019165,0.0,0,0,319,1121,1972,,,,,,,,,,
2320127002,2016-05-08,5161,3.48000001907349,3.48000001907349,0.0,0.0,0.0,3.47000002861023,0.0,0,0,247,1193,1821,,,,,,,,,,
2320127002,2016-05-09,3090,2.07999992370605,2.07999992370605,0.0,0.0,0.0,2.07999992370605,0.0,0,0,145,1295,1630,,,,,,,,,,
2320127002,2016-05-10,6227,4.19999980926514,4.19999980926514,0.0,0.0,0.0,4.19999980926514,0.0,0,0,290,1150,1899,,,,,,,,,,
2320127002,2016-05-11,6424,4.32999992370605,4.32999992370605,0.0,0.0,0.0,4.32999992370605,0.0,0,0,300,1140,1903,,,,,,,,,,
2320127002,2016-05-12,2661,1.78999996185303,1.78999996185303,0.0,0.0,0.0,1.78999996185303,0.0,0,0,128,830,1125,,,,,,,,,,
2347167796,2016-04-12,10113,6.82999992370605,6.82999992370605,0.0,2.0,0.620000004768372,4.19999980926514,0.0,28,13,320,964,2344,,,,,,,86.08233377758033,581314.0,172.0,57.0
2347167796,2016-04-13,10352,7.01000022888184,7.01000022888184,0.0,1.6599999666214,1.94000005722046,3.41000008583069,0.0,19,32,195,676,2038,1.0,467.0,531.0,0.8513513513513513,0.1447876447876447,0.0038610038610038,73.81290461804058,684098.0,158.0,55.0
2347167796,2016-04-14,10129,6.69999980926514,6.69999980926514,0.0,0.0199999995529652,2.74000000953674,3.94000005722046,0.0,1,48,206,705,2010,1.0,445.0,489.0,0.9375,0.05625,0.00625,72.57948213700426,664320.0,154.0,52.0
2347167796,2016-04-15,10465,6.92000007629395,6.92000007629395,0.0,0.0700000002980232,1.41999995708466,5.42999982833862,0.0,1,24,284,720,2133,1.0,452.0,504.0,0.8905109489051095,0.1021897810218978,0.0072992700729927,75.68525687977399,723324.0,136.0,55.0
2347167796,2016-04-16,22244,15.0799999237061,15.0799999237061,0.0,5.44999980926514,4.09999990463257,5.53000020980835,0.0,66,72,268,968,2670,,,,,,,96.62390702822356,872997.0,168.0,58.0
2347167796,2016-04-17,5472,3.61999988555908,3.61999988555908,0.0,0.0799999982118607,0.280000001192093,3.25999999046326,0.0,1,7,249,508,1882,1.0,556.0,602.0,0.9288888888888888,0.0637037037037037,0.0074074074074074,75.36218020022247,677506.0,134.0,55.0
2347167796,2016-04-18,8247,5.44999980926514,5.44999980926514,0.0,0.790000021457672,0.860000014305115,3.78999996185303,0.0,11,16,206,678,1944,1.0,500.0,557.0,0.8695652173913043,0.1190926275992438,0.0113421550094517,71.23214476924724,665237.0,134.0,53.0
2347167796,2016-04-19,6711,4.44000005722046,4.44000005722046,0.0,0.0,0.0,4.44000005722046,0.0,0,7,382,648,2346,1.0,465.0,514.0,0.9230769230769232,0.0694789081885856,0.0074441687344913,81.30099693251533,636099.0,195.0,53.0
2347167796,2016-04-20,10999,7.26999998092651,7.26999998092651,0.0,0.680000007152557,1.80999994277954,4.78000020980835,0.0,11,43,269,1011,2198,,,,,,,78.18208496366685,559471.0,161.0,53.0
2347167796,2016-04-21,10080,6.75,6.75,0.0,1.85000002384186,1.52999997138977,3.38000011444092,0.0,23,26,208,761,2048,1.0,460.0,484.0,0.9478672985781992,0.0426540284360189,0.0094786729857819,73.41425341802132,681945.0,171.0,51.0
2347167796,2016-04-22,7804,5.15999984741211,5.15999984741211,0.0,0.560000002384186,1.67999994754791,2.92000007629395,0.0,9,27,206,781,1946,1.0,405.0,461.0,0.8800959232613909,0.1127098321342925,0.0071942446043165,71.99640209332752,660351.0,165.0,53.0
2347167796,2016-04-23,16901,11.3699998855591,11.3699998855591,0.0,2.77999997138977,1.45000004768372,7.15000009536743,0.0,32,35,360,591,2629,1.0,374.0,386.0,0.9644549763033176,0.0355450236966824,0.0,83.43309231897726,796202.0,157.0,53.0
2347167796,2016-04-24,9471,6.26000022888184,6.26000022888184,0.0,0.0,0.0,6.26000022888184,0.0,0,0,360,584,2187,1.0,442.0,459.0,0.9717741935483872,0.0282258064516129,0.0,77.57597373188406,685151.0,127.0,54.0
2347167796,2016-04-25,9482,6.38000011444092,6.38000011444092,0.0,1.26999998092651,0.519999980926514,4.59999990463257,0.0,15,11,277,653,2095,1.0,433.0,471.0,0.8946280991735537,0.0991735537190082,0.006198347107438,73.86135600335852,703751.0,160.0,53.0
2347167796,2016-04-26,5980,3.95000004768372,3.95000004768372,0.0,0.0,0.0,3.95000004768372,0.0,0,0,227,732,1861,1.0,436.0,490.0,0.8979166666666667,0.0958333333333333,0.00625,71.73179652000444,647236.0,122.0,49.0
2347167796,2016-04-27,11423,7.57999992370605,7.57999992370605,0.0,1.86000001430511,0.400000005960464,5.32000017166138,0.0,26,9,295,623,2194,1.0,448.0,499.0,0.8870636550308009,0.1006160164271047,0.0123203285420944,75.19362135263515,664862.0,144.0,51.0
2347167796,2016-04-28,5439,3.59999990463257,3.59999990463257,0.0,0.0,0.0,3.59999990463257,0.0,0,0,229,764,1854,1.0,408.0,450.0,0.9261744966442952,0.0715883668903803,0.0022371364653243,73.40854132002218,661778.0,138.0,55.0
2347167796,2016-04-29,42,0.0299999993294477,0.0299999993294477,0.0,0.0,0.0,0.0299999993294477,0.0,0,0,4,2,403,1.0,411.0,473.0,0.8567961165048543,0.1383495145631068,0.0048543689320388,62.86971235194586,148624.0,85.0,54.0
2873212765,2016-04-12,8796,5.90999984741211,5.90999984741211,0.0,0.109999999403954,0.930000007152557,4.88000011444092,0.0,2,21,356,1061,1982,,,,,,,,,,
2873212765,2016-04-13,7618,5.11999988555908,5.11999988555908,0.0,0.0,0.219999998807907,4.88000011444092,0.0199999995529652,0,8,404,1028,2004,,,,,,,,,,
2873212765,2016-04-14,7910,5.32000017166138,5.32000017166138,0.0,0.0,0.0,5.32000017166138,0.0,0,0,331,1109,1893,,,,,,,,,,
2873212765,2016-04-15,8482,5.69999980926514,5.69999980926514,0.0,0.0,0.0,5.69000005722046,0.0099999997764825,0,0,448,992,2063,,,,,,,,,,
2873212765,2016-04-16,9685,6.65000009536743,6.65000009536743,0.0,3.10999989509583,0.0199999995529652,3.50999999046326,0.0099999997764825,47,1,305,1087,2148,,,,,,,,,,
2873212765,2016-04-17,2524,1.70000004768372,1.70000004768372,0.0,0.0,0.349999994039536,1.3400000333786,0.0,0,8,160,1272,1529,,,,,,,,,,
2873212765,2016-04-18,7762,5.23999977111816,5.23999977111816,0.0,0.0700000002980232,0.280000001192093,4.8899998664856,0.0,1,6,311,1122,1890,,,,,,,,,,
2873212765,2016-04-19,7948,5.36999988555908,5.36999988555908,0.0,0.0,0.0,5.3600001335144,0.0,0,0,389,1051,1956,,,,,,,,,,
2873212765,2016-04-20,9202,6.30000019073486,6.30000019073486,0.0,1.50999999046326,0.119999997317791,4.65999984741211,0.0099999997764825,22,5,378,1035,2094,,,,,,,,,,
2873212765,2016-04-21,8859,5.98000001907349,5.98000001907349,0.0,0.129999995231628,0.370000004768372,5.46999979019165,0.0099999997764825,2,10,371,1057,1970,,,,,,,,,,
2873212765,2016-04-22,7286,4.90000009536743,4.90000009536743,0.0,0.46000000834465,0.0,4.42000007629395,0.0199999995529652,46,0,366,1028,2241,,,,,,,,,,
2873212765,2016-04-23,9317,6.34999990463257,6.34999990463257,0.0,2.08999991416931,0.230000004172325,4.01999998092651,0.0099999997764825,28,5,330,1077,2021,,,,,,,,,,
2873212765,2016-04-24,6873,4.67999982833862,4.67999982833862,0.0,3.0,0.0599999986588955,1.62000000476837,0.0,46,1,190,1203,1898,,,,,,,,,,
2873212765,2016-04-25,7373,4.94999980926514,4.94999980926514,0.0,0.0,0.0,4.94999980926514,0.0,0,0,359,1081,1907,,,,,,,,,,
2873212765,2016-04-26,8242,5.53999996185303,5.53999996185303,0.0,0.119999997317791,0.180000007152557,5.23999977111816,0.0,2,5,309,1124,1882,,,,,,,,,,
2873212765,2016-04-27,3516,2.35999989509583,2.35999989509583,0.0,0.0,0.0,2.35999989509583,0.0,46,0,197,1197,1966,,,,,,,,,,
2873212765,2016-04-28,7913,5.40999984741211,5.40999984741211,0.0,2.16000008583069,0.340000003576279,2.91000008583069,0.0,28,7,213,1192,1835,,,,,,,,,,
2873212765,2016-04-29,7365,4.94999980926514,4.94999980926514,0.0,1.36000001430511,1.4099999666214,2.1800000667572,0.0,20,23,206,1191,1780,,,,,,,,,,
2873212765,2016-04-30,8452,5.67999982833862,5.67999982833862,0.0,0.330000013113022,1.08000004291534,4.26000022888184,0.0099999997764825,5,20,248,1167,1830,,,,,,,,,,
2873212765,2016-05-01,7399,4.96999979019165,4.96999979019165,0.0,0.490000009536743,1.03999996185303,3.44000005722046,0.0,7,18,196,1219,1739,,,,,,,,,,
2873212765,2016-05-02,7525,5.05999994277954,5.05999994277954,0.0,0.0,0.209999993443489,4.82999992370605,0.0199999995529652,0,7,334,1099,1878,,,,,,,,,,
2873212765,2016-05-03,7412,4.98000001907349,4.98000001907349,0.0,0.0599999986588955,0.25,4.65999984741211,0.0099999997764825,1,6,363,1070,1906,,,,,,,,,,
2873212765,2016-05-04,8278,5.55999994277954,5.55999994277954,0.0,0.0,0.0,5.55999994277954,0.0,0,0,420,1020,2015,,,,,,,,,,
2873212765,2016-05-05,8314,5.6100001335144,5.6100001335144,0.0,0.779999971389771,0.800000011920929,4.03000020980835,0.0,13,23,311,1093,1971,,,,,,,,,,
2873212765,2016-05-06,7063,4.75,4.75,0.0,0.0,0.119999997317791,4.6100001335144,0.0099999997764825,0,5,370,1065,1910,,,,,,,,,,
2873212765,2016-05-07,4940,3.38000011444092,3.38000011444092,0.0,2.27999997138977,0.550000011920929,0.550000011920929,0.0,75,11,52,1302,1897,,,,,,,,,,
2873212765,2016-05-08,8168,5.53999996185303,5.53999996185303,0.0,2.90000009536743,0.0,2.64000010490417,0.0,46,0,326,1068,2096,,,,,,,,,,
2873212765,2016-05-09,7726,5.19000005722046,5.19000005722046,0.0,0.0,0.0,5.19000005722046,0.0,0,0,345,1095,1906,,,,,,,,,,
2873212765,2016-05-10,8275,5.55999994277954,5.55999994277954,0.0,0.0,0.0,5.55000019073486,0.0099999997764825,0,0,373,1067,1962,,,,,,,,,,
2873212765,2016-05-11,6440,4.32999992370605,4.32999992370605,0.0,0.0,0.0,4.32000017166138,0.0099999997764825,0,0,319,1121,1826,,,,,,,,,,
2873212765,2016-05-12,7566,5.1100001335144,5.1100001335144,0.0,0.0,0.0,5.1100001335144,0.0,0,0,268,720,1431,,,,,,,,,,
3372868164,2016-04-12,4747,3.24000000953674,3.24000000953674,0.0,0.0,0.0,3.23000001907349,0.0099999997764825,0,0,280,1160,1788,,,,,,,,,,
3372868164,2016-04-13,9715,6.63000011444092,6.63000011444092,0.0,0.990000009536743,0.340000003576279,5.26999998092651,0.0199999995529652,16,8,371,1045,2093,,,,,,,,,,
3372868164,2016-04-14,8844,6.03000020980835,6.03000020980835,0.0,0.340000003576279,1.02999997138977,4.65000009536743,0.0099999997764825,6,25,370,1039,2065,,,,,,,,,,
3372868164,2016-04-15,7451,5.07999992370605,5.07999992370605,0.0,0.0,0.0,5.05999994277954,0.0199999995529652,0,0,335,1105,1908,,,,,,,,,,
3372868164,2016-04-16,6905,4.73000001907349,4.73000001907349,0.0,0.0,0.0,4.69999980926514,0.0299999993294477,0,0,356,1084,1908,,,,,,,,,,
3372868164,2016-04-17,8199,5.88000011444092,5.88000011444092,0.0,1.4099999666214,0.100000001490116,4.3600001335144,0.0099999997764825,11,2,322,1105,1964,,,,,,,,,,
3372868164,2016-04-18,6798,4.6399998664856,4.6399998664856,0.0,1.08000004291534,0.200000002980232,3.34999990463257,0.0,20,7,343,1070,2014,,,,,,,,,,
3372868164,2016-04-19,7711,5.26000022888184,5.26000022888184,0.0,0.0,0.0,5.23999977111816,0.0199999995529652,0,0,376,1064,1985,,,,,,,,,,
3372868164,2016-04-20,4880,3.32999992370605,3.32999992370605,0.0,0.839999973773956,0.0900000035762787,2.38000011444092,0.0199999995529652,15,3,274,1148,1867,,,,,,,,,,
3372868164,2016-04-21,8857,6.07000017166138,6.07000017166138,0.0,1.14999997615814,0.259999990463257,4.6399998664856,0.0099999997764825,18,9,376,1037,2124,,,,,,,,,,
3372868164,2016-04-22,3843,2.61999988555908,2.61999988555908,0.0,0.0,0.0,2.60999989509583,0.0099999997764825,0,0,206,1234,1669,,,,,,,,,,
3372868164,2016-04-23,7396,5.07000017166138,5.07000017166138,0.0,1.39999997615814,0.0799999982118607,3.57999992370605,0.0,20,2,303,1115,1995,,,,,,,,,,
3372868164,2016-04-24,6731,4.59000015258789,4.59000015258789,0.0,0.889999985694885,0.189999997615814,3.49000000953674,0.0199999995529652,14,7,292,1127,1921,,,,,,,,,,
3372868164,2016-04-25,5995,4.09000015258789,4.09000015258789,0.0,0.0,0.0,4.09000015258789,0.0,0,0,416,1024,2010,,,,,,,,,,
3372868164,2016-04-26,8283,5.78999996185303,5.78999996185303,0.0,1.85000002384186,0.0500000007450581,3.86999988555908,0.0099999997764825,22,2,333,1083,2057,,,,,,,,,,
3372868164,2016-04-27,7904,5.42000007629395,5.42000007629395,0.0,1.58000004291534,0.629999995231628,3.19000005722046,0.0099999997764825,24,13,346,1057,2095,,,,,,,,,,
3372868164,2016-04-28,5512,3.75999999046326,3.75999999046326,0.0,0.0,0.0,3.75999999046326,0.0,0,0,385,1055,1972,,,,,,,,,,
3372868164,2016-04-29,9135,6.23000001907349,6.23000001907349,0.0,0.0,0.0,6.21999979019165,0.0099999997764825,0,0,402,1038,2044,,,,,,,,,,
3372868164,2016-04-30,5250,3.57999992370605,3.57999992370605,0.0,1.05999994277954,0.0900000035762787,2.42000007629395,0.0099999997764825,17,4,300,1119,1946,,,,,,,,,,
3372868164,2016-05-01,3077,2.09999990463257,2.09999990463257,0.0,0.0,0.0,2.08999991416931,0.0,0,0,172,842,1237,,,,,,,,,,
3977333714,2016-04-12,8856,5.98000001907349,5.98000001907349,0.0,3.05999994277954,0.910000026226044,2.00999999046326,0.0,44,19,131,777,1450,1.0,274.0,469.0,0.5842217484008528,0.3880597014925373,0.0277185501066098,,,,
3977333714,2016-04-13,10035,6.71000003814697,6.71000003814697,0.0,2.02999997138977,2.13000011444092,2.54999995231628,0.0,31,46,153,754,1495,2.0,295.0,456.0,0.6469298245614035,0.3399122807017544,0.0131578947368421,,,,
3977333714,2016-04-14,7641,5.1100001335144,5.1100001335144,0.0,0.319999992847443,0.970000028610229,3.8199999332428,0.0,5,23,214,801,1433,1.0,291.0,397.0,0.7329974811083123,0.2544080604534005,0.0125944584382871,,,,
3977333714,2016-04-15,9010,6.05999994277954,6.05999994277954,0.0,1.04999995231628,1.75,3.25999999046326,0.0,15,42,183,644,1468,1.0,424.0,556.0,0.762589928057554,0.2338129496402877,0.0035971223021582,,,,
3977333714,2016-04-16,13459,9.0,9.0,0.0,2.02999997138977,4.0,2.97000002861023,0.0,31,83,153,663,1625,1.0,283.0,510.0,0.5549019607843138,0.4450980392156862,0.0,,,,
3977333714,2016-04-17,10415,6.96999979019165,6.96999979019165,0.0,0.699999988079071,2.34999990463257,3.92000007629395,0.0,11,58,205,600,1529,1.0,381.0,566.0,0.6731448763250883,0.3197879858657244,0.0070671378091872,,,,
3977333714,2016-04-18,11663,7.80000019073486,7.80000019073486,0.0,0.25,3.73000001907349,3.8199999332428,0.0,4,95,214,605,1584,2.0,412.0,522.0,0.789272030651341,0.2049808429118774,0.0057471264367816,,,,
3977333714,2016-04-19,12414,8.77999973297119,8.77999973297119,0.0,2.24000000953674,2.45000004768372,3.96000003814697,0.0,19,67,221,738,1638,1.0,219.0,395.0,0.5544303797468354,0.4354430379746835,0.010126582278481,,,,
3977333714,2016-04-20,11658,7.82999992370605,7.82999992370605,0.0,0.200000002980232,4.34999990463257,3.27999997138977,0.0,2,98,164,845,1554,2.0,152.0,305.0,0.459214501510574,0.5196374622356495,0.0211480362537764,,,,
3977333714,2016-04-21,6093,4.07999992370605,4.07999992370605,0.0,0.0,0.0,4.05999994277954,0.0,0,0,242,712,1397,1.0,332.0,512.0,0.6831275720164609,0.3086419753086419,0.0082304526748971,,,,
3977333714,2016-04-22,8911,5.96000003814697,5.96000003814697,0.0,2.32999992370605,0.579999983310699,3.05999994277954,0.0,33,12,188,731,1481,1.0,355.0,476.0,0.7457983193277311,0.2521008403361344,0.0021008403361344,,,,
3977333714,2016-04-23,12058,8.06999969482422,8.06999969482422,0.0,0.0,4.21999979019165,3.84999990463257,0.0,0,92,252,724,1638,1.0,235.0,372.0,0.6317204301075269,0.3655913978494624,0.0026881720430107,,,,
3977333714,2016-04-24,14112,10.0,10.0,0.0,3.26999998092651,4.55999994277954,2.17000007629395,0.0,30,95,129,660,1655,1.0,310.0,526.0,0.5893536121673004,0.4068441064638783,0.0038022813688212,,,,
3977333714,2016-04-25,11177,8.47999954223633,8.47999954223633,0.0,5.61999988555908,0.430000007152557,2.41000008583069,0.0,50,9,133,781,1570,1.0,262.0,467.0,0.5610278372591007,0.430406852248394,0.0085653104925053,,,,
3977333714,2016-04-26,11388,7.61999988555908,7.61999988555908,0.0,0.449999988079071,4.21999979019165,2.95000004768372,0.0,7,95,170,797,1551,1.0,250.0,371.0,0.6738544474393531,0.320754716981132,0.0053908355795148,,,,
3977333714,2016-04-27,7193,5.03999996185303,5.03999996185303,0.0,0.0,0.419999986886978,4.61999988555908,0.0,0,10,176,714,1377,1.0,349.0,540.0,0.6462962962962963,0.3444444444444444,0.0092592592592592,,,,
3977333714,2016-04-28,7114,4.88000011444092,4.88000011444092,0.0,1.37000000476837,0.28999999165535,3.22000002861023,0.0,15,8,190,804,1407,1.0,261.0,423.0,0.6170212765957447,0.3664302600472813,0.0165484633569739,,,,
3977333714,2016-04-29,10645,7.75,7.75,0.0,3.74000000953674,1.29999995231628,2.71000003814697,0.0,36,32,150,744,1545,1.0,333.0,478.0,0.696652719665272,0.303347280334728,0.0,,,,
3977333714,2016-04-30,13238,9.19999980926514,9.19999980926514,0.0,3.69000005722046,2.09999990463257,3.41000008583069,0.0,43,52,194,687,1650,1.0,237.0,382.0,0.6120689655172413,0.3793103448275862,0.0086206896551724,,,,
3977333714,2016-05-01,10414,7.07000017166138,7.07000017166138,0.0,2.67000007629395,1.98000001907349,2.41000008583069,0.0,41,40,124,691,1501,1.0,383.0,626.0,0.6176470588235294,0.3713235294117647,0.0110294117647058,,,,
3977333714,2016-05-02,16520,11.0500001907349,11.0500001907349,0.0,1.53999996185303,6.48000001907349,3.01999998092651,0.0,24,143,176,713,1760,1.0,230.0,384.0,0.5989583333333334,0.3802083333333333,0.0208333333333333,,,,
3977333714,2016-05-03,14335,9.59000015258789,9.59000015258789,0.0,3.3199999332428,1.74000000953674,4.53000020980835,0.0,47,41,258,594,1710,1.0,292.0,500.0,0.584,0.4,0.016,,,,
3977333714,2016-05-04,13559,9.4399995803833,9.4399995803833,0.0,1.80999994277954,4.57999992370605,2.89000010490417,0.0,14,96,142,852,1628,1.0,213.0,336.0,0.6339285714285714,0.3571428571428571,0.0089285714285714,,,,
3977333714,2016-05-05,12312,8.57999992370605,8.57999992370605,0.0,1.75999999046326,4.1100001335144,2.71000003814697,0.0,14,88,178,680,1618,1.0,318.0,480.0,0.6625,0.3333333333333333,0.0041666666666666,,,,
3977333714,2016-05-06,11677,8.27999973297119,8.27999973297119,0.0,3.10999989509583,2.50999999046326,2.67000007629395,0.0,29,55,168,676,1590,1.0,323.0,512.0,0.630859375,0.357421875,0.01171875,,,,
3977333714,2016-05-07,11550,7.73000001907349,7.73000001907349,0.0,0.0,4.13000011444092,3.58999991416931,0.0,0,86,208,703,1574,1.0,237.0,443.0,0.5349887133182845,0.4627539503386004,0.0022573363431151,,,,
3977333714,2016-05-08,13585,9.09000015258789,9.09000015258789,0.0,0.680000007152557,5.23999977111816,3.17000007629395,0.0,9,116,171,688,1633,2.0,259.0,456.0,0.5679824561403509,0.4320175438596491,0.0,,,,
3977333714,2016-05-09,14687,10.0799999237061,10.0799999237061,0.0,0.769999980926514,5.59999990463257,3.54999995231628,0.0,8,122,151,1159,1667,,,,,,,,,,
3977333714,2016-05-10,13072,8.77999973297119,8.77999973297119,0.0,0.0700000002980232,5.40000009536743,3.30999994277954,0.0,1,115,196,676,1630,1.0,312.0,452.0,0.6902654867256637,0.2986725663716814,0.0110619469026548,,,,
3977333714,2016-05-11,746,0.5,0.5,0.0,0.370000004768372,0.0,0.129999995231628,0.0,4,0,9,13,52,,,,,,,,,,
4020332650,2016-04-12,8539,6.11999988555908,6.11999988555908,0.0,0.150000005960464,0.239999994635582,5.67999982833862,0.0,4,15,331,712,3654,1.0,501.0,541.0,0.9417989417989416,0.0555555555555555,0.0026455026455026,83.4990136324824,2835877.0,133.0,49.0
4020332650,2016-04-13,0,0.0,0.0,0.0,0.0,0.0,0.0,0.0,0,0,0,1440,1981,,,,,,,,,,
4020332650,2016-04-14,108,0.0799999982118607,0.0799999982118607,0.0,0.0,0.0,0.0299999993294477,0.0,0,0,3,1437,2011,,,,,,,90.70096685082872,131335.0,133.0,65.0
4020332650,2016-04-15,1882,1.35000002384186,1.35000002384186,0.0,0.209999993443489,0.360000014305115,0.769999980926514,0.0,36,18,87,1299,2951,,,,,,,92.9256417283274,1017257.0,191.0,51.0
4020332650,2016-04-16,1982,1.41999995708466,1.41999995708466,0.0,0.449999988079071,0.370000004768372,0.589999973773956,0.0,65,21,55,1222,3051,1.0,77.0,77.0,1.0,0.0,0.0,100.90332042707966,859999.0,143.0,62.0
4020332650,2016-04-17,16,0.0099999997764825,0.0099999997764825,0.0,0.0,0.0,0.0099999997764825,0.0,0,0,2,1438,1990,,,,,,,98.82608695652172,6819.0,116.0,66.0
4020332650,2016-04-18,62,0.0399999991059303,0.0399999991059303,0.0,0.0,0.0,0.0399999991059303,0.0,0,0,2,1438,1995,,,,,,,,,,
4020332650,2016-04-19,0,0.0,0.0,0.0,0.0,0.0,0.0,0.0,0,0,0,1440,1980,,,,,,,,,,
4020332650,2016-04-20,0,0.0,0.0,0.0,0.0,0.0,0.0,0.0,0,0,0,1440,1980,,,,,,,,,,
4020332650,2016-04-21,0,0.0,0.0,0.0,0.0,0.0,0.0,0.0,0,0,0,1440,1980,,,,,,,,,,
4020332650,2016-04-22,0,0.0,0.0,0.0,0.0,0.0,0.0,0.0,0,0,0,1440,1980,,,,,,,,,,
4020332650,2016-04-23,0,0.0,0.0,0.0,0.0,0.0,0.0,0.0,0,0,0,1440,1980,,,,,,,,,,
4020332650,2016-04-24,0,0.0,0.0,0.0,0.0,0.0,0.0,0.0,0,0,0,1440,1980,,,,,,,,,,
4020332650,2016-04-25,0,0.0,0.0,0.0,0.0,0.0,0.0,0.0,0,0,0,1440,1980,,,,,,,,,,
4020332650,2016-04-26,0,0.0,0.0,0.0,0.0,0.0,0.0,0.0,0,0,0,1440,1980,,,,,,,,,,
4020332650,2016-04-27,0,0.0,0.0,0.0,0.0,0.0,0.0,0.0,0,0,0,1440,1980,,,,,,,,,,
4020332650,2016-04-28,0,0.0,0.0,0.0,0.0,0.0,0.0,0.0,0,0,0,1440,1980,,,,,,,,,,
4020332650,2016-04-29,0,0.0,0.0,0.0,0.0,0.0,0.0,0.0,0,0,0,1440,1980,,,,,,,,,,
4020332650,2016-04-30,0,0.0,0.0,0.0,0.0,0.0,0.0,0.0,0,0,0,1440,1980,,,,,,,,,,
4020332650,2016-05-01,0,0.0,0.0,0.0,0.0,0.0,0.0,0.0,0,0,0,1440,1980,,,,,,,,,,
4020332650,2016-05-02,475,0.340000003576279,0.340000003576279,0.0,0.0,0.0399999991059303,0.28999999165535,0.0,0,11,31,1350,2207,,,,,,,90.300934243622,502615.0,123.0,66.0
4020332650,2016-05-03,4496,3.22000002861023,3.22000002861023,0.0,0.0,0.0,3.15000009536743,0.0500000007450581,0,0,174,950,2828,1.0,322.0,332.0,0.9841772151898734,0.0126582278481012,0.0031645569620253,77.8770095559303,2770864.0,127.0,52.0
4020332650,2016-05-04,10252,7.34999990463257,7.34999990463257,0.0,0.670000016689301,1.03999996185303,5.57999992370605,0.0,13,46,346,531,3879,1.0,478.0,536.0,0.8869047619047619,0.0535714285714285,0.0595238095238095,83.4561661803678,3117672.0,147.0,49.0
4020332650,2016-05-05,11728,8.43000030517578,8.43000030517578,0.0,2.61999988555908,1.67999994754791,4.03999996185303,0.0700000002980232,38,42,196,916,3429,1.0,226.0,248.0,0.9112903225806452,0.0725806451612903,0.0161290322580645,85.57474310689543,1840456.0,126.0,49.0
4020332650,2016-05-06,4369,3.13000011444092,3.13000011444092,0.0,0.0,0.0,3.09999990463257,0.0099999997764825,0,0,177,855,2704,1.0,385.0,408.0,0.943627450980392,0.0416666666666666,0.0147058823529411,75.64283228276422,1956048.0,116.0,50.0
4020332650,2016-05-07,6132,4.40000009536743,4.40000009536743,0.0,0.0,0.0,3.57999992370605,0.0,0,0,184,1256,2975,,,,,,,89.09170410302485,1487386.0,117.0,64.0
4020332650,2016-05-08,5862,4.19999980926514,4.19999980926514,0.0,0.0,0.0,4.15000009536743,0.0,0,0,263,775,3089,1.0,364.0,402.0,0.9054726368159204,0.0497512437810945,0.044776119402985,78.0410612388964,2653240.0,131.0,51.0
4020332650,2016-05-09,4556,3.26999998092651,3.26999998092651,0.0,0.200000002980232,0.119999997317791,2.94000005722046,0.0,3,5,173,1225,2785,,,,,,,86.66172595520422,1315525.0,155.0,55.0
4020332650,2016-05-10,5546,3.98000001907349,3.98000001907349,0.0,0.0,0.0,3.86999988555908,0.0399999991059303,0,0,206,774,2926,1.0,442.0,494.0,0.8978260869565218,0.0717391304347826,0.0304347826086956,72.61970379024775,2113306.0,142.0,46.0
4020332650,2016-05-11,3689,2.65000009536743,2.65000009536743,0.0,0.109999999403954,0.170000001788139,2.32999992370605,0.0,2,8,134,1296,2645,,,,,,,91.23313239044748,786977.0,133.0,64.0
4020332650,2016-05-12,590,0.419999986886978,0.419999986886978,0.0,0.0,0.0,0.409999996423721,0.0,0,0,21,721,1120,,,,,,,94.2696737044146,98229.0,125.0,70.0
4057192912,2016-04-12,5394,4.03000020980835,4.03000020980835,0.0,0.0,0.0,3.94000005722046,0.0,0,0,164,1276,2286,,,,,,,,,,
4057192912,2016-04-13,5974,4.46999979019165,4.46999979019165,0.0,0.0,0.0,4.36999988555908,0.0,0,0,160,1280,2306,,,,,,,,,,
4057192912,2016-04-14,0,0.0,0.0,0.0,0.0,0.0,0.0,0.0,0,0,0,1440,1776,,,,,,,,,,
4057192912,2016-04-15,3984,2.95000004768372,2.95000004768372,0.0,0.209999993443489,0.259999990463257,2.44000005722046,0.0,3,6,88,873,1527,,,,,,,,,,
4319703577,2016-04-12,7753,5.19999980926514,5.19999980926514,0.0,0.0,0.0,0.0,0.0,0,0,0,1440,2115,,,,,,,,,,
4319703577,2016-04-13,8204,5.5,5.5,0.0,0.529999971389771,0.589999973773956,1.30999994277954,0.0,8,15,96,1234,2135,,,,,,,,,,
4319703577,2016-04-14,10210,6.88000011444092,6.88000011444092,0.0,0.109999999403954,0.330000013113022,6.44000005722046,0.0,1,9,339,589,2302,1.0,535.0,557.0,0.9681274900398408,0.0298804780876494,0.0019920318725099,,,,
4319703577,2016-04-15,5664,3.79999995231628,3.79999995231628,0.0,0.0,0.0,3.79999995231628,0.0,0,0,228,752,1985,1.0,465.0,491.0,0.9477124183006536,0.0501089324618736,0.0021786492374727,,,,
4319703577,2016-04-16,4744,3.1800000667572,3.1800000667572,0.0,0.0,0.0,3.1800000667572,0.0,0,0,194,724,1884,1.0,506.0,522.0,0.9693486590038314,0.028735632183908,0.0019157088122605,,,,
4319703577,2016-04-17,29,0.0199999995529652,0.0199999995529652,0.0,0.0,0.0,0.0199999995529652,0.0,0,0,3,1363,1464,,,,,,,,,,
4319703577,2016-04-18,2276,1.54999995231628,1.54999995231628,0.0,0.0700000002980232,0.330000013113022,1.12000000476837,0.0,1,9,58,824,1632,1.0,515.0,551.0,0.936131386861314,0.0510948905109489,0.0127737226277372,,,,
4319703577,2016-04-19,8925,5.98999977111816,5.98999977111816,0.0,0.0,0.0,5.98999977111816,0.0,0,0,311,604,2200,2.0,461.0,498.0,0.939047619047619,0.0380952380952381,0.0228571428571428,,,,
4319703577,2016-04-20,8954,6.01000022888184,6.01000022888184,0.0,0.0,0.680000007152557,5.30999994277954,0.0,0,18,306,671,2220,1.0,523.0,543.0,0.9820224719101124,0.0179775280898876,0.0,,,,
4319703577,2016-04-21,3702,2.48000001907349,2.48000001907349,0.0,0.0,0.0,0.349999994039536,0.0,0,0,34,1265,1792,1.0,59.0,65.0,0.9148936170212766,0.0638297872340425,0.0212765957446808,,,,
4319703577,2016-04-22,4500,3.01999998092651,3.01999998092651,0.0,0.0599999986588955,0.810000002384186,2.15000009536743,0.0,1,19,176,709,1886,1.0,533.0,550.0,0.9644859813084112,0.0336448598130841,0.0018691588785046,,,,
4319703577,2016-04-23,4935,3.30999994277954,3.30999994277954,0.0,0.0,0.0,3.30999994277954,0.0,0,0,233,546,1945,1.0,692.0,722.0,0.9667170953101362,0.0287443267776096,0.0045385779122541,,,,
4319703577,2016-04-24,4081,2.74000000953674,2.74000000953674,0.0,0.0599999986588955,0.200000002980232,2.47000002861023,0.0,1,5,191,692,1880,1.0,467.0,501.0,0.9364791288566244,0.0544464609800363,0.0090744101633393,,,,
4319703577,2016-04-25,9259,6.21000003814697,6.21000003814697,0.0,0.0,0.280000001192093,5.92999982833862,0.0,0,8,390,544,2314,1.0,488.0,506.0,0.9598393574297188,0.036144578313253,0.0040160642570281,,,,
4319703577,2016-04-26,9899,6.6399998664856,6.6399998664856,0.0,0.569999992847443,0.920000016689301,5.15000009536743,0.0,8,21,288,649,2236,1.0,505.0,516.0,0.9831223628691984,0.0168776371308016,0.0,,,,
4319703577,2016-04-27,10780,7.23000001907349,7.23000001907349,0.0,0.409999996423721,1.91999995708466,4.90999984741211,0.0,6,47,300,680,2324,1.0,286.0,307.0,0.9385749385749386,0.0589680589680589,0.0024570024570024,,,,
4319703577,2016-04-28,10817,7.28000020980835,7.28000020980835,0.0,1.00999999046326,0.330000013113022,5.94000005722046,0.0,13,8,359,552,2367,1.0,497.0,522.0,0.9507874015748032,0.0354330708661417,0.0137795275590551,,,,
4319703577,2016-04-29,7990,5.3600001335144,5.3600001335144,0.0,0.449999988079071,0.790000021457672,4.11999988555908,0.0,6,18,289,624,2175,1.0,523.0,546.0,0.950199203187251,0.0358565737051792,0.0139442231075697,,,,
4319703577,2016-04-30,8221,5.51999998092651,5.51999998092651,0.0,0.400000005960464,1.61000001430511,3.50999999046326,0.0,6,38,196,695,2092,1.0,490.0,516.0,0.9445544554455444,0.0475247524752475,0.0079207920792079,,,,
4319703577,2016-05-01,1251,0.839999973773956,0.839999973773956,0.0,0.0,0.0,0.839999973773956,0.0,0,0,67,836,1593,1.0,484.0,500.0,0.9795158286778398,0.0186219739292365,0.0018621973929236,,,,
4319703577,2016-05-02,9261,6.23999977111816,6.23999977111816,0.0,0.0,0.439999997615814,5.71000003814697,0.0,0,11,344,585,2270,1.0,478.0,506.0,0.934,0.062,0.004,,,,
4319703577,2016-05-03,9648,6.46999979019165,6.46999979019165,0.0,0.579999983310699,1.07000005245209,4.82999992370605,0.0,8,26,287,669,2235,1.0,474.0,512.0,0.9333333333333332,0.0644444444444444,0.0022222222222222,,,,
4319703577,2016-05-04,10429,7.01999998092651,7.01999998092651,0.0,0.589999973773956,0.579999983310699,5.84999990463257,0.0,8,13,313,1106,2282,,,,,,,,,,
4319703577,2016-05-05,13658,9.48999977111816,9.48999977111816,0.0,2.63000011444092,1.4099999666214,5.44999980926514,0.0,27,34,328,957,2530,,,,,,,,,,
4319703577,2016-05-06,9524,6.42000007629395,6.42000007629395,0.0,0.409999996423721,0.469999998807907,5.46000003814697,0.0,6,11,314,692,2266,1.0,450.0,491.0,0.9232613908872902,0.0647482014388489,0.0119904076738609,,,,
4319703577,2016-05-07,7937,5.32999992370605,5.32999992370605,0.0,0.189999997615814,1.04999995231628,4.07999992370605,0.0,3,28,279,586,2158,1.0,507.0,530.0,0.9466911764705882,0.0496323529411764,0.0036764705882352,,,,
4319703577,2016-05-08,3672,2.46000003814697,2.46000003814697,0.0,0.0,0.0,2.46000003814697,0.0,0,0,153,603,1792,1.0,602.0,638.0,0.9546120058565154,0.0439238653001464,0.0014641288433382,,,,
4319703577,2016-05-09,10378,6.96000003814697,6.96000003814697,0.0,0.140000000596046,0.560000002384186,6.25,0.0,2,14,374,490,2345,1.0,535.0,565.0,0.9409660107334524,0.0518783542039356,0.0071556350626118,,,,
4319703577,2016-05-10,9487,6.36999988555908,6.36999988555908,0.0,0.209999993443489,0.46000000834465,5.69999980926514,0.0,3,12,329,555,2260,1.0,487.0,517.0,0.9482439926062848,0.0517560073937153,0.0,,,,
4319703577,2016-05-11,9129,6.13000011444092,6.13000011444092,0.0,0.200000002980232,0.740000009536743,5.17999982833862,0.0,3,18,311,574,2232,1.0,529.0,558.0,0.9550561797752808,0.0449438202247191,0.0,,,,
4319703577,2016-05-12,17,0.0099999997764825,0.0099999997764825,0.0,0.0,0.0,0.0099999997764825,0.0,0,0,2,0,257,1.0,302.0,321.0,0.9274193548387096,0.0685483870967741,0.0040322580645161,,,,
4388161847,2016-04-12,10122,7.78000020980835,7.78000020980835,0.0,0.0,0.0,0.0,0.0,0,0,0,1440,2955,,,,,,,,,,
4388161847,2016-04-13,10993,8.44999980926514,8.44999980926514,0.0,0.0599999986588955,0.629999995231628,3.88000011444092,0.0,1,14,150,1275,3092,,,,,,,67.04312865497076,550290.0,130.0,45.0
4388161847,2016-04-14,8863,6.82000017166138,6.82000017166138,0.0,0.129999995231628,1.07000005245209,5.61999988555908,0.0,10,35,219,945,2998,,,,,,,68.43871753246754,505899.0,132.0,48.0
4388161847,2016-04-15,8758,6.73000001907349,6.73000001907349,0.0,0.0,0.0,6.73000001907349,0.0,0,0,299,837,3066,1.0,499.0,526.0,0.9802631578947368,0.0131578947368421,0.006578947368421,67.47093970668115,621070.0,127.0,44.0
4388161847,2016-04-16,6580,5.05999994277954,5.05999994277954,0.0,0.209999993443489,0.400000005960464,4.44999980926514,0.0,6,9,253,609,3073,2.0,426.0,448.0,0.9591474245115452,0.0355239786856127,0.0053285968028419,75.47658862876254,677025.0,142.0,56.0
4388161847,2016-04-17,4660,3.57999992370605,3.57999992370605,0.0,0.0,0.0,3.57999992370605,0.0,0,0,201,721,2572,2.0,619.0,641.0,0.9632495164410058,0.034816247582205,0.0019342359767891,66.39134502923977,567646.0,113.0,49.0
4388161847,2016-04-18,11009,9.10000038146973,9.10000038146973,0.0,3.55999994277954,0.400000005960464,5.1399998664856,0.0,27,8,239,1017,3274,1.0,99.0,104.0,0.9261744966442952,0.046979865771812,0.0268456375838926,81.49099490746491,656084.0,176.0,50.0
4388161847,2016-04-19,10181,7.82999992370605,7.82999992370605,0.0,1.37000000476837,0.689999997615814,5.76999998092651,0.0,20,16,249,704,3015,1.0,329.0,338.0,0.9600886917960088,0.0310421286031042,0.0088691796008869,65.5324563295234,607748.0,136.0,46.0
4388161847,2016-04-20,10553,8.11999988555908,8.11999988555908,0.0,1.10000002384186,1.72000002861023,5.28999996185303,0.0,19,42,228,696,3083,1.0,421.0,451.0,0.945054945054945,0.0549450549450549,0.0,65.40125868055556,602738.0,149.0,46.0
4388161847,2016-04-21,10055,7.73000001907349,7.73000001907349,0.0,0.370000004768372,0.389999985694885,6.98000001907349,0.0,7,12,272,853,3069,1.0,442.0,458.0,0.9797297297297296,0.0202702702702702,0.0,63.099279119767296,498926.0,146.0,42.0
4388161847,2016-04-22,12139,9.34000015258789,9.34000015258789,0.0,3.29999995231628,1.11000001430511,4.92000007629395,0.0,77,25,220,945,3544,1.0,82.0,85.0,0.9479768786127168,0.0346820809248554,0.0173410404624277,73.27719923266649,534777.0,149.0,49.0
4388161847,2016-04-23,13236,10.1800003051758,10.1800003051758,0.0,4.5,0.319999992847443,5.34999990463257,0.0,58,5,215,749,3306,1.0,478.0,501.0,0.9588377723970944,0.0387409200968523,0.0024213075060532,67.08074201158053,625595.0,158.0,44.0
4388161847,2016-04-24,10243,7.88000011444092,7.88000011444092,0.0,1.08000004291534,0.509999990463257,6.30000019073486,0.0,14,8,239,584,2885,3.0,552.0,595.0,0.9277310924369748,0.0605042016806722,0.0117647058823529,62.10169687175343,537987.0,139.0,44.0
4388161847,2016-04-25,12961,9.97000026702881,9.97000026702881,0.0,0.730000019073486,1.39999997615814,7.84000015258789,0.0,11,31,301,1054,3288,,,,,,,67.51205052197449,523826.0,150.0,45.0
4388161847,2016-04-26,9461,7.28000020980835,7.28000020980835,0.0,0.939999997615814,1.05999994277954,5.26999998092651,0.0,14,23,224,673,2929,1.0,319.0,346.0,0.91699604743083,0.0830039525691699,0.0,62.51359843970094,576938.0,128.0,42.0
4388161847,2016-04-27,11193,8.60999965667725,8.60999965667725,0.0,0.699999988079071,2.50999999046326,5.3899998664856,0.0,11,48,241,684,3074,1.0,439.0,500.0,0.9296703296703296,0.0571428571428571,0.0131868131868131,62.12052186931879,580889.0,153.0,42.0
4388161847,2016-04-28,10074,7.75,7.75,0.0,1.28999996185303,0.430000007152557,6.03000020980835,0.0,19,9,234,878,2969,1.0,428.0,458.0,0.96,0.04,0.0,62.32648343180067,485274.0,131.0,41.0
4388161847,2016-04-29,9232,7.09999990463257,7.09999990463257,0.0,0.800000011920929,0.889999985694885,5.42000007629395,0.0,13,16,236,1175,2979,,,,,,,66.10588863666712,495067.0,133.0,44.0
4388161847,2016-04-30,12533,9.64000034332275,9.64000034332275,0.0,0.699999988079071,2.0,6.94000005722046,0.0,14,43,300,537,3283,2.0,409.0,430.0,0.9285714285714286,0.0714285714285714,0.0,64.22769296925392,597446.0,113.0,45.0
4388161847,2016-05-01,10255,7.8899998664856,7.8899998664856,0.0,1.00999999046326,0.680000007152557,6.19999980926514,0.0,12,15,241,579,2926,1.0,547.0,597.0,0.9376053962900506,0.0404721753794266,0.0219224283305227,60.02217947267172,530416.0,105.0,39.0
4388161847,2016-05-02,10096,8.39999961853027,8.39999961853027,0.0,3.76999998092651,0.0799999982118607,4.55000019073486,0.0,33,4,204,935,3147,2.0,368.0,376.0,0.9924242424242424,0.0075757575757575,0.0,66.39496105160661,545501.0,180.0,43.0
4388161847,2016-05-03,12727,9.78999996185303,9.78999996185303,0.0,1.12999999523163,0.779999971389771,7.88000011444092,0.0,18,18,306,984,3290,,,,,,,66.62235142118863,515657.0,135.0,44.0
4388161847,2016-05-04,12375,9.52000045776367,9.52000045776367,0.0,2.78999996185303,0.930000007152557,5.80000019073486,0.0,35,21,251,632,3162,1.0,390.0,414.0,0.9321357285429142,0.0538922155688622,0.0139720558882235,61.94766681203663,568184.0,126.0,42.0
4388161847,2016-05-05,9603,7.38000011444092,7.38000011444092,0.0,0.629999995231628,1.66999995708466,5.09000015258789,0.0,12,39,199,896,2899,2.0,942.0,990.0,1.9251700680272108,0.0612244897959182,0.0136054421768706,61.041297935103245,475939.0,123.0,42.0
4388161847,2016-05-06,13175,10.1300001144409,10.1300001144409,0.0,2.10999989509583,2.08999991416931,5.92999982833862,0.0,33,45,262,1100,3425,,,,,,,69.07669760625305,565600.0,151.0,47.0
4388161847,2016-05-07,22770,17.5400009155273,17.5400009155273,0.0,9.44999980926514,2.76999998092651,5.32999992370605,0.0,120,56,260,508,4022,1.0,472.0,496.0,0.9516129032258064,0.0483870967741935,0.0,66.62712040795088,640220.0,153.0,41.0
4388161847,2016-05-08,17298,14.3800001144409,14.3800001144409,0.0,9.89000034332275,1.25999999046326,3.23000001907349,0.0,107,38,178,576,3934,2.0,529.0,541.0,0.977818853974122,0.0184842883548983,0.0036968576709796,76.78011037766476,709525.0,171.0,43.0
4388161847,2016-05-09,10218,7.8600001335144,7.8600001335144,0.0,0.340000003576279,0.730000019073486,6.78999996185303,0.0,6,19,258,1020,3013,1.0,62.0,65.0,0.927007299270073,0.0583941605839416,0.0145985401459854,64.05171717171717,475584.0,140.0,44.0
4388161847,2016-05-10,10299,7.92000007629395,7.92000007629395,0.0,0.810000002384186,0.649999976158142,6.46000003814697,0.0,13,14,267,648,3061,1.0,354.0,375.0,0.9578313253012049,0.036144578313253,0.0060240963855421,61.22121701669359,568439.0,121.0,41.0
4388161847,2016-05-11,10201,7.84000015258789,7.84000015258789,0.0,0.529999971389771,0.790000021457672,6.53000020980835,0.0,8,18,256,858,2954,1.0,469.0,494.0,0.9765886287625418,0.0234113712374581,0.0,59.97196611014204,481335.0,125.0,40.0
4388161847,2016-05-12,3369,2.58999991416931,2.58999991416931,0.0,0.0,0.0,2.58999991416931,0.0,0,0,108,825,1623,,,,,,,60.24690976514215,194959.0,136.0,44.0
4445114986,2016-04-12,3276,2.20000004768372,2.20000004768372,0.0,0.0,0.0,2.20000004768372,0.0,0,0,196,787,2113,2.0,429.0,457.0,0.9387308533916848,0.0481400437636761,0.0131291028446389,,,,
4445114986,2016-04-13,2961,1.99000000953674,1.99000000953674,0.0,0.0,0.0,1.99000000953674,0.0,0,0,194,840,2095,2.0,370.0,406.0,0.9113300492610836,0.0714285714285714,0.0172413793103448,,,,
4445114986,2016-04-14,3974,2.67000007629395,2.67000007629395,0.0,0.0,0.0,2.67000007629395,0.0,0,0,231,717,2194,1.0,441.0,492.0,0.8963414634146342,0.0975609756097561,0.0060975609756097,,,,
4445114986,2016-04-15,7198,4.82999992370605,4.82999992370605,0.0,0.0,0.0,4.82999992370605,0.0,0,0,350,711,2496,2.0,337.0,379.0,0.8891820580474934,0.0817941952506596,0.0290237467018469,,,,
4445114986,2016-04-16,3945,2.65000009536743,2.65000009536743,0.0,0.0,0.0,2.65000009536743,0.0,0,0,225,716,2180,1.0,462.0,499.0,0.9258517034068136,0.0581162324649298,0.0160320641282565,,,,
4445114986,2016-04-17,2268,1.51999998092651,1.51999998092651,0.0,0.0,0.0,1.51999998092651,0.0,0,0,114,1219,1933,1.0,98.0,107.0,0.9158878504672896,0.0560747663551401,0.02803738317757,,,,
4445114986,2016-04-18,6155,4.23999977111816,4.23999977111816,0.0,2.0,0.28999999165535,1.95000004768372,0.0,25,6,162,1247,2248,,,,,,,,,,
4445114986,2016-04-19,2064,1.38999998569489,1.38999998569489,0.0,0.0,0.0,1.38999998569489,0.0,0,0,121,895,1954,2.0,388.0,424.0,0.9150943396226416,0.0683962264150943,0.0165094339622641,,,,
4445114986,2016-04-20,2072,1.38999998569489,1.38999998569489,0.0,0.0,0.0,1.38999998569489,0.0,0,0,137,841,1974,1.0,439.0,462.0,0.9502164502164502,0.0432900432900432,0.0064935064935064,,,,
4445114986,2016-04-21,3809,2.55999994277954,2.55999994277954,0.0,0.0,0.0,2.53999996185303,0.0,0,0,215,756,2150,1.0,436.0,469.0,0.929637526652452,0.0597014925373134,0.0106609808102345,,,,
4445114986,2016-04-22,6831,4.57999992370605,4.57999992370605,0.0,0.0,0.0,4.57999992370605,0.0,0,0,317,706,2432,1.0,388.0,417.0,0.9304556354916068,0.0503597122302158,0.0191846522781774,,,,
4445114986,2016-04-23,4363,2.9300000667572,2.9300000667572,0.0,0.0,0.0,2.9300000667572,0.0,0,0,201,1239,2149,,,,,,,,,,
4445114986,2016-04-24,5002,3.35999989509583,3.35999989509583,0.0,0.0,0.0,3.35999989509583,0.0,0,0,244,1196,2247,,,,,,,,,,
4445114986,2016-04-25,3385,2.26999998092651,2.26999998092651,0.0,0.0,0.0,2.26999998092651,0.0,0,0,179,916,2070,1.0,328.0,345.0,0.9536231884057972,0.0260869565217391,0.0202898550724637,,,,
4445114986,2016-04-26,6326,4.40999984741211,4.40999984741211,0.0,2.41000008583069,0.0399999991059303,1.96000003814697,0.0,29,1,180,839,2291,2.0,353.0,391.0,0.9028132992327366,0.0818414322250639,0.0153452685421994,,,,
4445114986,2016-04-27,7243,5.03000020980835,5.03000020980835,0.0,2.61999988555908,0.0299999993294477,2.38000011444092,0.0,32,1,194,839,2361,1.0,332.0,374.0,0.8877005347593583,0.0989304812834224,0.0133689839572192,,,,
4445114986,2016-04-28,4493,3.00999999046326,3.00999999046326,0.0,0.0,0.0,3.00999999046326,0.0,0,0,236,762,2203,1.0,419.0,442.0,0.9479638009049772,0.0384615384615384,0.0135746606334841,,,,
4445114986,2016-04-29,4676,3.14000010490417,3.14000010490417,0.0,0.0,0.0,3.13000011444092,0.0,0,0,226,1106,2196,1.0,106.0,108.0,0.9814814814814816,0.0185185185185185,0.0,,,,
4445114986,2016-04-30,6222,4.17999982833862,4.17999982833862,0.0,0.0,0.0,4.17999982833862,0.0,0,0,290,797,2363,1.0,322.0,353.0,0.9121813031161472,0.0708215297450425,0.0169971671388102,,,,
4445114986,2016-05-01,5232,3.50999999046326,3.50999999046326,0.0,0.0,0.0,3.50999999046326,0.0,0,0,240,741,2246,2.0,439.0,459.0,0.9564270152505446,0.0326797385620915,0.0108932461873638,,,,
4445114986,2016-05-02,6910,4.75,4.75,0.0,2.21000003814697,0.189999997615814,2.34999990463257,0.0,27,4,200,667,2336,1.0,502.0,542.0,0.9280442804428044,0.062730627306273,0.0092250922509225,,,,
4445114986,2016-05-03,7502,5.17999982833862,5.17999982833862,0.0,2.48000001907349,0.109999999403954,2.57999992370605,0.0,30,2,233,725,2421,2.0,417.0,450.0,0.9266666666666666,0.0688888888888888,0.0044444444444444,,,,
4445114986,2016-05-04,2923,1.96000003814697,1.96000003814697,0.0,0.0,0.0,1.96000003814697,0.0,0,0,180,897,2070,2.0,337.0,363.0,0.928374655647383,0.0495867768595041,0.0220385674931129,,,,
4445114986,2016-05-05,3800,2.54999995231628,2.54999995231628,0.0,0.119999997317791,0.239999994635582,2.1800000667572,0.0,2,6,185,734,2120,2.0,462.0,513.0,0.9005847953216374,0.0818713450292397,0.0175438596491228,,,,
4445114986,2016-05-06,4514,3.02999997138977,3.02999997138977,0.0,0.0,0.0,3.02999997138977,0.0,0,0,229,809,2211,2.0,374.0,402.0,0.9303482587064676,0.0572139303482587,0.0124378109452736,,,,
4445114986,2016-05-07,5183,3.58999991416931,3.58999991416931,0.0,2.13000011444092,0.189999997615814,1.25,0.0,26,4,108,866,2123,2.0,401.0,436.0,0.9197247706422018,0.055045871559633,0.0252293577981651,,,,
4445114986,2016-05-08,7303,4.90000009536743,4.90000009536743,0.0,0.0,0.25,4.65000009536743,0.0,0,8,308,733,2423,1.0,361.0,391.0,0.9232736572890026,0.0664961636828644,0.0102301790281329,,,,
4445114986,2016-05-09,5275,3.53999996185303,3.53999996185303,0.0,0.0,0.0,3.53999996185303,0.0,0,0,266,641,2281,1.0,457.0,533.0,0.8574108818011257,0.1125703564727955,0.0300187617260788,,,,
4445114986,2016-05-10,3915,2.63000011444092,2.63000011444092,0.0,0.0,0.0,2.63000011444092,0.0,0,0,231,783,2181,1.0,405.0,426.0,0.9507042253521126,0.0328638497652582,0.0164319248826291,,,,
4445114986,2016-05-11,9105,6.1100001335144,6.1100001335144,0.0,2.25,1.0,2.85999989509583,0.0,34,22,232,622,2499,1.0,499.0,530.0,0.9452830188679244,0.0471698113207547,0.0075471698113207,,,,
4445114986,2016-05-12,768,0.519999980926514,0.519999980926514,0.0,0.0,0.0,0.519999980926514,0.0,0,0,58,380,1212,1.0,483.0,501.0,0.9640718562874252,0.0259481037924151,0.0099800399201596,,,,
4558609924,2016-04-12,5135,3.39000010490417,3.39000010490417,0.0,0.0,0.0,3.39000010490417,0.0,0,0,318,1122,1909,,,,,,,76.63937719738824,457767.0,104.0,57.0
4558609924,2016-04-13,4978,3.28999996185303,3.28999996185303,0.0,1.24000000953674,0.439999997615814,1.61000001430511,0.0,19,7,127,1287,1722,,,,,,,85.10215664018162,224925.0,144.0,64.0
4558609924,2016-04-14,6799,4.48999977111816,4.48999977111816,0.0,0.0,0.0,4.48999977111816,0.0,0,0,279,1161,1922,,,,,,,81.55655599324704,434778.0,108.0,56.0
4558609924,2016-04-15,7795,5.15000009536743,5.15000009536743,0.0,0.589999973773956,0.839999973773956,3.73000001907349,0.0,17,30,262,1131,2121,,,,,,,90.86349049617378,736176.0,146.0,58.0
4558609924,2016-04-16,7289,4.82000017166138,4.82000017166138,0.0,0.550000011920929,0.75,3.5,0.0,8,12,308,1112,1997,,,,,,,76.29632320883593,524995.0,135.0,55.0
4558609924,2016-04-17,9634,6.40000009536743,6.40000009536743,0.0,0.550000011920929,1.13999998569489,4.71000003814697,0.0,7,19,304,1110,2117,,,,,,,83.2046897899365,510960.0,136.0,57.0
4558609924,2016-04-18,8940,5.90999984741211,5.90999984741211,0.0,0.980000019073486,0.930000007152557,4.0,0.0,14,15,331,1080,2116,,,,,,,80.4574690464705,500365.0,141.0,55.0
4558609924,2016-04-19,5401,3.5699999332428,3.5699999332428,0.0,0.0500000007450581,0.360000014305115,3.16000008583069,0.0,1,9,248,1182,1876,,,,,,,83.0984677782785,368791.0,132.0,61.0
4558609924,2016-04-20,4803,3.17000007629395,3.17000007629395,0.0,0.0,0.0,3.17000007629395,0.0,0,0,222,1218,1788,,,,,,,76.92327166504381,395001.0,110.0,57.0
4558609924,2016-04-21,13743,9.07999992370605,9.07999992370605,0.0,0.419999986886978,0.970000028610229,7.69999980926514,0.0,6,21,432,844,2486,1.0,126.0,137.0,0.9197080291970804,0.0437956204379562,0.0364963503649635,85.66238718698361,673906.0,121.0,54.0
4558609924,2016-04-22,9601,6.34999990463257,6.34999990463257,0.0,1.37000000476837,1.5,3.47000002861023,0.0,20,25,273,1122,2094,,,,,,,82.56045881790665,518232.0,140.0,57.0
4558609924,2016-04-23,6890,4.55000019073486,4.55000019073486,0.0,0.340000003576279,0.200000002980232,4.01000022888184,0.0,5,5,308,1122,2085,,,,,,,85.85146641438033,544470.0,133.0,60.0
4558609924,2016-04-24,8563,5.65999984741211,5.65999984741211,0.0,0.0,0.0,5.65000009536743,0.0,0,0,395,1045,2173,,,,,,,83.96923312413898,548571.0,121.0,58.0
4558609924,2016-04-25,8095,5.34999990463257,5.34999990463257,0.0,0.589999973773956,0.25,4.51000022888184,0.0,18,10,340,993,2225,,,,,,,82.49422222222222,556836.0,163.0,55.0
4558609924,2016-04-26,9148,6.05000019073486,6.05000019073486,0.0,0.430000007152557,2.02999997138977,3.58999991416931,0.0,12,41,283,1062,2223,1.0,103.0,121.0,0.8333333333333334,0.119047619047619,0.0476190476190476,91.335402888379,676704.0,148.0,59.0
4558609924,2016-04-27,9557,6.32000017166138,6.32000017166138,0.0,1.96000003814697,0.889999985694885,3.46000003814697,0.0,27,14,312,1087,2098,,,,,,,84.5569756698491,549113.0,122.0,60.0
4558609924,2016-04-28,9451,6.25,6.25,0.0,0.0199999995529652,0.270000010728836,5.94999980926514,0.0,1,11,367,985,2185,,,,,,,85.64209429538943,657560.0,133.0,59.0
4558609924,2016-04-29,7833,5.17999982833862,5.17999982833862,0.0,1.01999998092651,1.85000002384186,2.30999994277954,0.0,15,29,197,1096,1918,1.0,171.0,179.0,0.9902912621359224,0.0097087378640776,0.0,80.55509145902347,559294.0,139.0,53.0
4558609924,2016-04-30,10319,6.82000017166138,6.82000017166138,0.0,0.469999998807907,1.88999998569489,4.46000003814697,0.0,7,29,293,1111,2105,,,,,,,79.18702506521493,698192.0,134.0,53.0
4558609924,2016-05-01,3428,2.26999998092651,2.26999998092651,0.0,0.0,0.0,2.26999998092651,0.0,0,0,190,1121,1692,1.0,115.0,129.0,0.8914728682170543,0.0775193798449612,0.0310077519379844,70.84190403364558,370574.0,127.0,53.0
4558609924,2016-05-02,7891,5.21999979019165,5.21999979019165,0.0,0.0,0.0,5.21999979019165,0.0,0,0,383,1057,2066,,,,,,,78.66975261799969,518355.0,108.0,55.0
4558609924,2016-05-03,5267,3.48000001907349,3.48000001907349,0.0,0.600000023841858,0.280000001192093,2.59999990463257,0.0,21,10,237,1172,1953,,,,,,,82.52032630863359,606937.0,148.0,52.0
4558609924,2016-05-04,5232,3.46000003814697,3.46000003814697,0.0,0.0,0.0,3.46000003814697,0.0,0,0,252,1188,1842,,,,,,,76.8313704496788,430563.0,127.0,54.0
4558609924,2016-05-05,10611,7.01000022888184,7.01000022888184,0.0,1.00999999046326,0.5,5.51000022888184,0.0,14,8,370,1048,2262,,,,,,,81.93927185914653,549157.0,130.0,48.0
4558609924,2016-05-06,3755,2.48000001907349,2.48000001907349,0.0,0.0,0.0,2.48000001907349,0.0,0,0,202,1238,1722,,,,,,,71.94897771228587,390611.0,110.0,51.0
4558609924,2016-05-07,8237,5.44000005722046,5.44000005722046,0.0,1.61000001430511,1.0,2.82999992370605,0.0,23,16,233,1116,1973,,,,,,,76.24857300681275,414106.0,116.0,54.0
4558609924,2016-05-08,6543,4.32999992370605,4.32999992370605,0.0,1.79999995231628,0.5,2.01999998092651,0.0,66,35,238,1019,2666,1.0,123.0,134.0,0.9390243902439024,0.0609756097560975,0.0,104.87147199305254,483038.0,199.0,45.0
4558609924,2016-05-09,11451,7.57000017166138,7.57000017166138,0.0,0.430000007152557,1.62000000476837,5.51999998092651,0.0,6,30,339,1065,2223,,,,,,,79.37543278639168,527291.0,110.0,54.0
4558609924,2016-05-10,6435,4.25,4.25,0.0,0.740000009536743,1.12000000476837,2.39000010490417,0.0,11,18,220,1191,1889,,,,,,,75.78962353685543,479142.0,147.0,50.0
4558609924,2016-05-11,9108,6.01999998092651,6.01999998092651,0.0,0.259999990463257,1.82000005245209,3.94000005722046,0.0,4,31,324,1081,2131,,,,,,,74.92423536717901,482587.0,138.0,44.0
4558609924,2016-05-12,6307,4.17000007629395,4.17000007629395,0.0,0.0,0.0,4.17000007629395,0.0,0,0,247,736,1452,,,,,,,79.67777199375325,306122.0,117.0,54.0
4702921684,2016-04-12,7213,5.88000011444092,5.88000011444092,0.0,0.0,0.0,5.84999990463257,0.0,0,0,263,718,2947,1.0,425.0,439.0,0.965065502183406,0.0349344978165938,0.0,,,,
4702921684,2016-04-13,6877,5.57999992370605,5.57999992370605,0.0,0.0,0.0,5.57999992370605,0.0,0,0,258,777,2898,2.0,400.0,430.0,0.928395061728395,0.0641975308641975,0.0074074074074074,,,,
4702921684,2016-04-14,7860,6.36999988555908,6.36999988555908,0.0,0.0,0.0,6.36999988555908,0.0,0,0,271,772,2984,1.0,384.0,415.0,0.9217171717171716,0.0782828282828282,0.0,,,,
4702921684,2016-04-15,6506,5.28000020980835,5.28000020980835,0.0,0.0700000002980232,0.419999986886978,4.78999996185303,0.0,1,8,256,944,2896,1.0,253.0,257.0,0.9956709956709956,0.0043290043290043,0.0,,,,
4702921684,2016-04-16,11140,9.02999973297119,9.02999973297119,0.0,0.239999994635582,1.25,7.53999996185303,0.0,3,24,335,556,3328,2.0,382.0,406.0,0.9540229885057472,0.0421455938697318,0.003831417624521,,,,
4702921684,2016-04-17,12692,10.289999961853,10.289999961853,0.0,0.959999978542328,3.46000003814697,5.88000011444092,0.0,12,66,302,437,3394,1.0,591.0,612.0,0.9502407704654896,0.0449438202247191,0.0048154093097913,,,,
4702921684,2016-04-18,9105,7.38000011444092,7.38000011444092,0.0,1.82000005245209,1.49000000953674,4.07000017166138,0.0,22,30,191,890,3013,1.0,293.0,312.0,0.9381107491856676,0.0618892508143322,0.0,,,,
4702921684,2016-04-19,6708,5.44000005722046,5.44000005722046,0.0,0.879999995231628,0.370000004768372,4.19000005722046,0.0,10,8,179,757,2812,1.0,457.0,487.0,0.9588477366255144,0.0411522633744856,0.0,,,,
4702921684,2016-04-20,8793,7.13000011444092,7.13000011444092,0.0,0.159999996423721,1.23000001907349,5.73000001907349,0.0,2,29,260,717,3061,1.0,454.0,468.0,0.965197215777262,0.0348027842227378,0.0,,,,
4702921684,2016-04-21,6530,5.30000019073486,5.30000019073486,0.0,0.310000002384186,2.04999995231628,2.94000005722046,0.0,4,41,144,901,2729,1.0,425.0,434.0,0.9771428571428572,0.0228571428571428,0.0,,,,
4702921684,2016-04-22,1664,1.35000002384186,1.35000002384186,0.0,0.0,0.0,1.35000002384186,0.0,0,0,72,1341,2241,,,,,,,,,,
4702921684,2016-04-23,15126,12.2700004577637,12.2700004577637,0.0,0.759999990463257,3.24000000953674,8.27000045776367,0.0,9,66,408,469,3691,1.0,465.0,475.0,0.9794661190965092,0.0205338809034907,0.0,,,,
4702921684,2016-04-24,15050,12.2200002670288,12.2200002670288,0.0,1.20000004768372,5.11999988555908,5.88000011444092,0.0,15,95,281,542,3538,1.0,480.0,506.0,0.9467455621301776,0.0532544378698224,0.0,,,,
4702921684,2016-04-25,9167,7.42999982833862,7.42999982833862,0.0,0.490000009536743,0.819999992847443,6.1100001335144,0.0,6,15,270,730,3064,1.0,370.0,380.0,0.9713603818615753,0.026252983293556,0.0023866348448687,,,,
4702921684,2016-04-26,6108,4.94999980926514,4.94999980926514,0.0,0.0700000002980232,0.349999994039536,4.53999996185303,0.0,1,8,216,765,2784,1.0,421.0,429.0,0.9688888888888888,0.0288888888888888,0.0022222222222222,,,,
4702921684,2016-04-27,7047,5.71999979019165,5.71999979019165,0.0,0.0900000035762787,0.800000011920929,4.78000020980835,0.0,1,16,238,733,2908,1.0,432.0,449.0,0.986725663716814,0.0132743362831858,0.0,,,,
4702921684,2016-04-28,9023,7.32000017166138,7.32000017166138,0.0,1.12999999523163,0.419999986886978,5.76999998092651,0.0,14,9,232,738,3033,1.0,442.0,461.0,0.953020134228188,0.0447427293064877,0.0022371364653243,,,,
4702921684,2016-04-29,9930,8.05000019073486,8.05000019073486,0.0,1.05999994277954,0.920000016689301,6.07000017166138,0.0,12,19,267,692,3165,1.0,433.0,447.0,0.9733333333333334,0.0266666666666666,0.0,,,,
4702921684,2016-04-30,10144,8.22999954223633,8.22999954223633,0.0,0.319999992847443,2.02999997138977,5.88000011444092,0.0,4,36,263,728,3115,1.0,479.0,501.0,0.9462102689486552,0.0537897310513447,0.0,,,,
4702921684,2016-05-01,0,0.0,0.0,0.0,0.0,0.0,0.0,0.0,0,0,0,1440,2017,,,,,,,,,,
4702921684,2016-05-02,7245,5.92000007629395,5.92000007629395,0.0,0.379999995231628,1.74000000953674,3.75999999046326,0.0,5,40,195,1131,2859,,,,,,,,,,
4702921684,2016-05-03,9454,7.67000007629395,7.67000007629395,0.0,0.0,0.0,7.67000007629395,0.0,0,0,313,729,3145,1.0,327.0,373.0,0.8819095477386935,0.100502512562814,0.0175879396984924,,,,
4702921684,2016-05-04,8161,6.61999988555908,6.61999988555908,0.0,0.340000003576279,0.730000019073486,5.53999996185303,0.0,4,15,251,757,3004,1.0,412.0,434.0,0.9466019417475728,0.0461165048543689,0.0072815533980582,,,,
4702921684,2016-05-05,8614,6.98999977111816,6.98999977111816,0.0,0.670000016689301,0.219999998807907,6.09000015258789,0.0,8,5,241,745,3006,1.0,414.0,428.0,0.9659863945578232,0.0272108843537414,0.0068027210884353,,,,
4702921684,2016-05-06,6943,5.63000011444092,5.63000011444092,0.0,0.0799999982118607,0.660000026226044,4.86999988555908,0.0,1,16,207,682,2859,1.0,404.0,449.0,0.9289772727272728,0.0610795454545454,0.0099431818181818,,,,
4702921684,2016-05-07,14370,11.6499996185303,11.6499996185303,0.0,0.370000004768372,2.30999994277954,8.97000026702881,0.0,5,46,439,577,3683,2.0,1040.0,1086.0,1.9034852546916887,0.0965147453083108,0.0,,,,
4702921684,2016-05-08,12857,10.4300003051758,10.4300003051758,0.0,0.680000007152557,6.21000003814697,3.53999996185303,0.0,9,125,192,1019,3287,,,,,,,,,,
4702921684,2016-05-09,8232,6.67999982833862,6.67999982833862,0.0,0.0,0.569999992847443,6.09999990463257,0.0,0,12,253,746,2990,1.0,435.0,458.0,0.9557109557109555,0.0442890442890442,0.0,,,,
4702921684,2016-05-10,10613,8.60999965667725,8.60999965667725,0.0,0.0799999982118607,1.87999999523163,6.65000009536743,0.0,1,37,262,701,3172,1.0,416.0,431.0,0.9612756264236902,0.0296127562642369,0.0091116173120728,,,,
4702921684,2016-05-11,9810,7.96000003814697,7.96000003814697,0.0,0.779999971389771,2.16000008583069,4.98000001907349,0.0,10,41,235,784,3069,1.0,354.0,366.0,0.972972972972973,0.0216216216216216,0.0054054054054054,,,,
4702921684,2016-05-12,2752,2.23000001907349,2.23000001907349,0.0,0.0,0.0,2.23000001907349,0.0,0,0,68,241,1240,1.0,404.0,442.0,0.9065934065934066,0.0934065934065934,0.0,,,,
5553957443,2016-04-12,11596,7.57000017166138,7.57000017166138,0.0,1.37000000476837,0.790000021457672,5.40999984741211,0.0,19,13,277,767,2026,1.0,441.0,464.0,0.9505494505494504,0.0439560439560439,0.0054945054945054,64.36511350059737,538736.0,106.0,50.0
5553957443,2016-04-13,4832,3.16000008583069,3.16000008583069,0.0,0.0,0.0,3.16000008583069,0.0,0,0,226,647,1718,2.0,455.0,488.0,0.9329805996472664,0.0582010582010582,0.0088183421516754,61.48341820891815,495003.0,95.0,47.0
5553957443,2016-04-14,17022,11.1199998855591,11.1199998855591,0.0,4.0,2.45000004768372,4.67000007629395,0.0,61,41,256,693,2324,1.0,357.0,418.0,0.8376288659793815,0.1469072164948453,0.0154639175257731,72.56047167909696,719945.0,133.0,51.0
5553957443,2016-04-15,16556,10.8599996566772,10.8599996566772,0.0,4.15999984741211,1.98000001907349,4.71000003814697,0.0,58,38,239,689,2254,1.0,377.0,409.0,0.9349397590361446,0.0650602409638554,0.0,69.0200328407225,630498.0,123.0,50.0
5553957443,2016-04-16,5771,3.76999998092651,3.76999998092651,0.0,0.0,0.0,3.76999998092651,0.0,0,0,288,521,1831,2.0,651.0,686.0,0.94770206022187,0.0507131537242472,0.0015847860538827,66.0213644088371,543884.0,116.0,50.0
5553957443,2016-04-17,655,0.430000007152557,0.430000007152557,0.0,0.0,0.0,0.430000007152557,0.0,0,0,46,943,1397,1.0,350.0,402.0,0.8824833702882483,0.1152993348115299,0.0022172949002217,59.37717466945024,85325.0,84.0,49.0
5553957443,2016-04-18,3727,2.4300000667572,2.4300000667572,0.0,0.0,0.0,2.4300000667572,0.0,0,0,206,622,1683,2.0,520.0,541.0,0.9558823529411764,0.0408496732026143,0.0032679738562091,65.3844028632425,520656.0,91.0,53.0
5553957443,2016-04-19,15482,10.1099996566772,10.1099996566772,0.0,4.28000020980835,1.6599999666214,4.17999982833862,0.0,69,28,249,756,2284,1.0,357.0,410.0,0.863905325443787,0.1124260355029585,0.0236686390532544,74.88753310631857,791711.0,128.0,49.0
5553957443,2016-04-20,2713,1.76999998092651,1.76999998092651,0.0,0.0,0.0,1.76999998092651,0.0,0,0,148,598,1570,1.0,658.0,678.0,0.95821325648415,0.0360230547550432,0.0057636887608069,60.040417526398834,494673.0,84.0,48.0
5553957443,2016-04-21,12346,8.0600004196167,8.0600004196167,0.0,2.95000004768372,2.16000008583069,2.96000003814697,0.0,47,42,177,801,2066,1.0,399.0,431.0,0.9381720430107529,0.0483870967741935,0.0134408602150537,71.33225337951068,638495.0,127.0,49.0
5553957443,2016-04-22,11682,7.63000011444092,7.63000011444092,0.0,1.37999999523163,0.629999995231628,5.59999990463257,0.0,25,16,270,781,2105,1.0,322.0,353.0,0.9109195402298852,0.0862068965517241,0.0028735632183908,70.42847711267606,640054.0,128.0,51.0
5553957443,2016-04-23,4112,2.69000005722046,2.69000005722046,0.0,0.0,0.0,2.6800000667572,0.0,0,0,272,443,1776,2.0,631.0,725.0,0.8703448275862069,0.1103448275862069,0.0193103448275862,67.07407854984895,555038.0,94.0,52.0
5553957443,2016-04-24,1807,1.17999994754791,1.17999994754791,0.0,0.0,0.0,1.17999994754791,0.0,0,0,104,582,1507,2.0,553.0,640.0,0.876657824933687,0.1127320954907161,0.0106100795755968,63.97276314114802,502634.0,92.0,50.0
5553957443,2016-04-25,10946,7.19000005722046,7.19000005722046,0.0,2.9300000667572,0.569999992847443,3.69000005722046,0.0,51,11,201,732,2033,1.0,433.0,468.0,0.9325842696629212,0.0606741573033707,0.0067415730337078,72.04626295690126,660304.0,132.0,52.0
5553957443,2016-04-26,11886,7.76000022888184,7.76000022888184,0.0,2.36999988555908,0.930000007152557,4.46000003814697,0.0,40,18,238,750,2093,1.0,412.0,453.0,0.8959390862944162,0.1040609137055837,0.0,73.01322425193321,651497.0,128.0,53.0
5553957443,2016-04-27,10538,6.88000011444092,6.88000011444092,0.0,1.13999998569489,1.0,4.73999977111816,0.0,16,16,206,745,1922,1.0,347.0,391.0,0.8991228070175439,0.0964912280701754,0.0043859649122807,65.07076392877657,566441.0,104.0,49.0
5553957443,2016-04-28,11393,7.63000011444092,7.63000011444092,0.0,3.71000003814697,0.75,3.17000007629395,0.0,49,13,165,727,1999,1.0,421.0,457.0,0.9195876288659792,0.0804123711340206,0.0,71.07164801404433,647747.0,149.0,51.0
5553957443,2016-04-29,12764,8.32999992370605,8.32999992370605,0.0,2.78999996185303,0.639999985694885,4.90999984741211,0.0,46,15,270,709,2169,1.0,450.0,495.0,0.8922305764411027,0.0827067669172932,0.025062656641604,73.07417008111047,873894.0,156.0,50.0
5553957443,2016-04-30,1202,0.779999971389771,0.779999971389771,0.0,0.0,0.0,0.779999971389771,0.0,0,0,84,506,1463,2.0,775.0,843.0,0.9152941176470588,0.0729411764705882,0.0117647058823529,65.77999501122474,527424.0,89.0,49.0
5553957443,2016-05-01,5164,3.36999988555908,3.36999988555908,0.0,0.0,0.0,3.36999988555908,0.0,0,0,237,436,1747,2.0,622.0,686.0,0.8917861799217731,0.074315514993481,0.0338983050847457,66.54344989561586,509989.0,116.0,49.0
5553957443,2016-05-02,9769,6.38000011444092,6.38000011444092,0.0,1.05999994277954,0.409999996423721,4.90000009536743,0.0,23,9,227,724,1996,1.0,409.0,471.0,0.912472647702407,0.0853391684901531,0.0021881838074398,72.59142652035689,707839.0,125.0,50.0
5553957443,2016-05-03,12848,8.39000034332275,8.39000034332275,0.0,1.5,1.20000004768372,5.67999982833862,0.0,26,29,247,812,2116,1.0,380.0,429.0,0.8650306748466258,0.1288343558282208,0.0061349693251533,69.95312333155366,655111.0,134.0,50.0
5553957443,2016-05-04,4249,2.76999998092651,2.76999998092651,0.0,0.0,0.0,2.76999998092651,0.0,0,0,224,651,1698,1.0,447.0,470.0,0.9486725663716814,0.0442477876106194,0.0070796460176991,61.67218347322378,521685.0,108.0,47.0
5553957443,2016-05-05,14331,9.51000022888184,9.51000022888184,0.0,3.4300000667572,1.6599999666214,4.42999982833862,0.0,44,29,241,692,2156,1.0,419.0,464.0,0.9032258064516128,0.0852534562211981,0.0115207373271889,69.4014172571905,665976.0,165.0,49.0
5553957443,2016-05-06,9632,6.28999996185303,6.28999996185303,0.0,1.51999998092651,0.540000021457672,4.23000001907349,0.0,21,9,229,761,1916,1.0,400.0,434.0,0.9166666666666666,0.0666666666666666,0.0166666666666666,63.16519669606608,451189.0,104.0,51.0
5553957443,2016-05-07,1868,1.22000002861023,1.22000002861023,0.0,0.0,0.0,1.22000002861023,0.0,0,0,96,902,1494,1.0,442.0,470.0,0.9411764705882352,0.0565610859728506,0.002262443438914,63.02644230769231,157314.0,140.0,51.0
5553957443,2016-05-08,6083,4.0,4.0,0.0,0.219999998807907,0.469999998807907,3.29999995231628,0.0,3,8,210,505,1762,1.0,568.0,608.0,0.9425770308123248,0.0504201680672268,0.0070028011204481,65.5694360947457,545341.0,110.0,51.0
5553957443,2016-05-09,11611,7.57999992370605,7.57999992370605,0.0,2.13000011444092,0.889999985694885,4.55999994277954,0.0,59,22,251,667,2272,1.0,453.0,494.0,0.9002267573696145,0.0770975056689342,0.0226757369614512,76.65612883984491,771084.0,149.0,51.0
5553957443,2016-05-10,16358,10.710000038147,10.710000038147,0.0,3.86999988555908,1.61000001430511,5.19999980926514,0.0,61,40,265,707,2335,1.0,418.0,443.0,0.9482288828337876,0.0299727520435967,0.0217983651226158,76.83269438710312,781619.0,133.0,53.0
5553957443,2016-05-11,4926,3.22000002861023,3.22000002861023,0.0,0.0,0.0,3.22000002861023,0.0,0,0,195,628,1693,1.0,463.0,486.0,0.9481361426256076,0.0502431118314424,0.0016207455429497,65.40050890585242,514048.0,103.0,54.0
5553957443,2016-05-12,3121,2.03999996185303,2.03999996185303,0.0,0.579999983310699,0.400000005960464,1.05999994277954,0.0,8,6,48,222,741,1.0,438.0,475.0,0.9186046511627908,0.0726744186046511,0.0087209302325581,64.19532265049806,148227.0,107.0,54.0
5577150313,2016-04-12,8135,6.07999992370605,6.07999992370605,0.0,3.59999990463257,0.379999995231628,2.09999990463257,0.0,86,16,140,728,3405,1.0,419.0,438.0,0.9638297872340426,0.0319148936170212,0.0042553191489361,65.65607369027059,570223.0,154.0,41.0
5577150313,2016-04-13,5077,3.78999996185303,3.78999996185303,0.0,0.319999992847443,0.219999998807907,3.25,0.0,15,11,144,776,2551,1.0,432.0,458.0,0.945344129554656,0.0445344129554655,0.0101214574898785,59.7035779576913,228605.0,121.0,44.0
5577150313,2016-04-14,8596,6.42000007629395,6.42000007629395,0.0,3.32999992370605,0.310000002384186,2.77999997138977,0.0,118,30,176,662,4022,1.0,477.0,497.0,0.9581497797356828,0.0352422907488986,0.0066079295154185,76.83571282888028,753451.0,172.0,43.0
5577150313,2016-04-15,12087,9.07999992370605,9.07999992370605,0.0,3.92000007629395,1.60000002384186,3.55999994277954,0.0,115,54,199,695,4005,1.0,392.0,413.0,0.9441489361702128,0.0478723404255319,0.0079787234042553,73.68219516499029,1252671.0,157.0,39.0
5577150313,2016-04-16,14269,10.6599998474121,10.6599998474121,0.0,6.6399998664856,1.27999997138977,2.73000001907349,0.0,184,56,158,472,4274,1.0,406.0,445.0,0.9140350877192982,0.0508771929824561,0.0350877192982456,69.84255028980566,2048482.0,136.0,43.0
5577150313,2016-04-17,12231,9.14000034332275,9.14000034332275,0.0,5.98000001907349,0.829999983310699,2.3199999332428,0.0,200,37,159,525,4552,1.0,549.0,583.0,0.9267822736030829,0.0597302504816955,0.0134874759152215,71.11754189944133,636502.0,174.0,40.0
5577150313,2016-04-18,9893,7.3899998664856,7.3899998664856,0.0,4.8600001335144,0.720000028610229,1.82000005245209,0.0,114,32,130,623,3625,1.0,527.0,553.0,0.977818853974122,0.022181146025878,0.0,68.649090276973,592373.0,165.0,41.0
5577150313,2016-04-19,12574,9.42000007629395,9.42000007629395,0.0,7.01999998092651,0.639999985694885,1.75999999046326,0.0,108,23,111,733,3501,1.0,449.0,465.0,0.9440860215053763,0.0516129032258064,0.0043010752688172,70.46025152878735,610679.0,159.0,42.0
5577150313,2016-04-20,8330,6.21999979019165,6.21999979019165,0.0,4.11999988555908,0.340000003576279,1.75999999046326,0.0,87,16,113,773,3192,1.0,447.0,480.0,0.933481152993348,0.0598669623059867,0.0066518847006651,69.17306809487376,452046.0,135.0,45.0
5577150313,2016-04-21,10830,8.09000015258789,8.09000015258789,0.0,3.65000009536743,1.6599999666214,2.77999997138977,0.0,110,74,175,670,4018,1.0,414.0,437.0,0.9390243902439024,0.0536585365853658,0.0073170731707317,72.31130021769246,730778.0,168.0,43.0
5577150313,2016-04-22,9172,6.84999990463257,6.84999990463257,0.0,2.42000007629395,0.790000021457672,3.29999995231628,0.0,62,30,200,823,3329,1.0,338.0,366.0,0.9476923076923076,0.0246153846153846,0.0276923076923076,64.64848702308336,540526.0,132.0,43.0
5577150313,2016-04-23,7638,5.71000003814697,5.71000003814697,0.0,1.21000003814697,0.360000014305115,4.1399998664856,0.0,24,24,223,627,3152,1.0,384.0,402.0,0.9243542435424354,0.0719557195571955,0.003690036900369,65.07899988261534,554408.0,171.0,40.0
5577150313,2016-04-24,15764,11.7799997329712,11.7799997329712,0.0,7.65000009536743,2.15000009536743,1.98000001907349,0.0,210,65,141,425,4392,1.0,543.0,615.0,0.8862876254180602,0.0852842809364548,0.0284280936454849,72.2686495562485,602576.0,131.0,40.0
5577150313,2016-04-25,6393,4.78000020980835,4.78000020980835,0.0,1.35000002384186,0.670000016689301,2.75999999046326,0.0,61,38,214,743,3374,1.0,421.0,461.0,0.9427083333333334,0.0520833333333333,0.0052083333333333,67.54545454545455,599601.0,125.0,43.0
5577150313,2016-04-26,5325,3.98000001907349,3.98000001907349,0.0,0.850000023841858,0.649999976158142,2.47000002861023,0.0,38,32,181,759,3088,1.0,354.0,377.0,0.9302325581395348,0.0627906976744186,0.0069767441860465,65.35988133272478,572814.0,122.0,40.0
5577150313,2016-04-27,6805,5.1399998664856,5.1399998664856,0.0,1.80999994277954,0.400000005960464,2.9300000667572,0.0,63,16,190,773,3294,1.0,424.0,452.0,0.942211055276382,0.057788944723618,0.0,66.42827775239836,581646.0,130.0,42.0
5577150313,2016-04-28,9841,7.42999982833862,7.42999982833862,0.0,3.25,1.16999995708466,3.00999999046326,0.0,99,51,141,692,3580,1.0,361.0,372.0,0.973741794310722,0.0262582056892779,0.0,70.68770690796734,640572.0,171.0,40.0
5577150313,2016-04-29,7924,5.92000007629395,5.92000007629395,0.0,2.83999991416931,0.610000014305115,2.47000002861023,0.0,97,36,165,739,3544,1.0,459.0,485.0,0.9454094292803972,0.0471464019851116,0.0074441687344913,66.26641414141415,577313.0,141.0,42.0
5577150313,2016-04-30,12363,9.23999977111816,9.23999977111816,0.0,5.82999992370605,0.790000021457672,2.60999989509583,0.0,207,45,163,621,4501,1.0,412.0,433.0,0.9405940594059404,0.0519801980198019,0.0074257425742574,71.55549407989378,646647.0,138.0,41.0
5577150313,2016-05-01,13368,9.98999977111816,9.98999977111816,0.0,5.30999994277954,1.44000005722046,3.24000000953674,0.0,194,72,178,499,4546,1.0,379.0,398.0,0.959758551307847,0.0402414486921529,0.0,73.70357503081924,657657.0,140.0,44.0
5577150313,2016-05-02,7439,5.55999994277954,5.55999994277954,0.0,1.12000000476837,0.349999994039536,4.07000017166138,0.0,37,20,235,732,3014,2.0,525.0,553.0,0.9423076923076924,0.0360576923076923,0.0216346153846153,64.60946601941748,266191.0,128.0,43.0
5577150313,2016-05-03,11045,8.25,8.25,0.0,4.51999998092651,0.150000005960464,3.5699999332428,0.0,97,8,212,580,3795,1.0,508.0,543.0,0.9355432780847146,0.0626151012891344,0.001841620626151,70.00069044879172,608306.0,154.0,42.0
5577150313,2016-05-04,5206,3.89000010490417,3.89000010490417,0.0,1.55999994277954,0.25,2.07999992370605,0.0,25,9,141,631,2755,1.0,603.0,634.0,0.9511041009463722,0.0425867507886435,0.0063091482649842,62.24588163514338,510105.0,143.0,36.0
5577150313,2016-05-05,7550,5.6399998664856,5.6399998664856,0.0,2.5,0.469999998807907,2.67000007629395,0.0,45,21,143,1153,3004,1.0,74.0,78.0,0.9487179487179488,0.0128205128205128,0.0384615384615384,72.21057965139846,356287.0,141.0,50.0
5577150313,2016-05-06,4950,3.70000004768372,3.70000004768372,0.0,1.92999994754791,0.319999992847443,1.45000004768372,0.0,41,16,79,1304,2643,,,,,,,70.48196015078084,261770.0,134.0,48.0
5577150313,2016-05-07,0,0.0,0.0,0.0,0.0,0.0,0.0,0.0,0,0,0,1440,1819,,,,,,,,,,
5577150313,2016-05-08,0,0.0,0.0,0.0,0.0,0.0,0.0,0.0,0,0,0,1440,1819,,,,,,,,,,
5577150313,2016-05-09,3421,2.55999994277954,2.55999994277954,0.0,1.42999994754791,0.140000000596046,0.990000009536743,0.0,34,11,70,1099,2489,,,,,,,68.04024697004346,297540.0,130.0,51.0
5577150313,2016-05-10,8869,6.65000009536743,6.65000009536743,0.0,2.55999994277954,0.75,3.34999990463257,0.0,104,37,194,639,3841,1.0,504.0,562.0,0.9313304721030042,0.0579399141630901,0.0107296137339055,75.29284883200573,841247.0,172.0,42.0
5577150313,2016-05-11,4038,3.03999996185303,3.03999996185303,0.0,1.83000004291534,0.300000011920929,0.889999985694885,0.0,45,15,63,257,1665,1.0,431.0,476.0,0.907514450867052,0.0867052023121387,0.0057803468208092,67.04067948144836,299940.0,173.0,45.0
6117666160,2016-04-12,0,0.0,0.0,0.0,0.0,0.0,0.0,0.0,0,0,0,1440,1496,,,,,,,,,,
6117666160,2016-04-13,0,0.0,0.0,0.0,0.0,0.0,0.0,0.0,0,0,0,1440,1496,,,,,,,,,,
6117666160,2016-04-14,0,0.0,0.0,0.0,0.0,0.0,0.0,0.0,0,0,0,1440,1496,,,,,,,,,,
6117666160,2016-04-15,14019,10.5900001525879,10.5900001525879,0.0,0.0,0.280000001192093,10.3000001907349,0.0,0,6,513,921,2865,,,,,,,97.94359728091126,533107.0,137.0,57.0
6117666160,2016-04-16,14450,10.9099998474121,10.9099998474121,0.0,0.579999983310699,0.850000023841858,9.47999954223633,0.0,7,15,518,502,2828,1.0,380.0,398.0,0.9547738693467336,0.0427135678391959,0.0025125628140703,87.02745664739885,843122.0,155.0,54.0
6117666160,2016-04-17,7150,5.40000009536743,5.40000009536743,0.0,0.0,0.0,5.40000009536743,0.0,0,0,312,702,2225,2.0,336.0,350.0,0.960093896713615,0.0399061032863849,0.0,85.35302197802197,497096.0,130.0,59.0
6117666160,2016-04-18,5153,3.91000008583069,3.91000008583069,0.0,0.0,0.0,3.89000010490417,0.0,0,0,241,759,2018,2.0,493.0,510.0,0.968181818181818,0.0227272727272727,0.009090909090909,82.91442424242425,342022.0,116.0,61.0
6117666160,2016-04-19,11135,8.40999984741211,8.40999984741211,0.0,0.0,0.0,8.40999984741211,0.0,0,0,480,425,2606,1.0,465.0,492.0,0.9438202247191012,0.0524344569288389,0.0037453183520599,83.5081252044934,765686.0,124.0,53.0
6117666160,2016-04-20,10449,8.02000045776367,8.02000045776367,0.0,2.02999997138977,0.479999989271164,5.51999998092651,0.0,26,10,349,587,2536,1.0,474.0,502.0,0.9443254817987152,0.0556745182012847,0.0,85.50435634937922,785101.0,181.0,52.0
6117666160,2016-04-21,19542,15.0100002288818,15.0100002288818,0.0,0.980000019073486,0.400000005960464,5.61999988555908,0.0,11,19,294,579,4900,1.0,508.0,550.0,0.9236499068901304,0.0670391061452514,0.0093109869646182,79.40156418554477,588842.0,154.0,52.0
6117666160,2016-04-22,8206,6.19999980926514,6.19999980926514,0.0,0.0,0.0,6.19999980926514,0.0,0,0,402,413,2409,1.0,480.0,546.0,0.9088,0.0576,0.0336,81.7020639147803,736299.0,139.0,53.0
6117666160,2016-04-23,11495,8.68000030517578,8.68000030517578,0.0,0.0,0.0,8.68000030517578,0.0,0,0,512,468,2651,1.0,492.0,539.0,0.917391304347826,0.0521739130434782,0.0304347826086956,81.79523809523809,772965.0,121.0,54.0
6117666160,2016-04-24,7623,5.76000022888184,5.76000022888184,0.0,0.0,0.0,5.76000022888184,0.0,0,0,362,711,2305,1.0,353.0,367.0,0.9618528610354224,0.0354223433242506,0.0027247956403269,84.20596510973552,448902.0,129.0,55.0
6117666160,2016-04-25,0,0.0,0.0,0.0,0.0,0.0,0.0,0.0,0,0,0,1440,1497,,,,,,,,,,
6117666160,2016-04-26,9543,7.21000003814697,7.21000003814697,0.0,0.0,0.340000003576279,6.86999988555908,0.0,0,7,352,1077,2450,,,,,,,90.57266164469554,577129.0,136.0,60.0
6117666160,2016-04-27,9411,7.1100001335144,7.1100001335144,0.0,0.0,0.0,7.1100001335144,0.0,0,0,458,417,2576,1.0,542.0,557.0,0.9663716814159292,0.0336283185840707,0.0,83.14904055822068,762643.0,126.0,52.0
6117666160,2016-04-28,3403,2.59999990463257,2.59999990463257,0.0,0.0,0.0,2.59999990463257,0.0,0,0,141,758,1879,1.0,393.0,416.0,0.9260628465804066,0.0609981515711645,0.0129390018484288,80.09522625559423,644286.0,145.0,54.0
6117666160,2016-04-29,9592,7.23999977111816,7.23999977111816,0.0,0.0,0.0,7.23999977111816,0.0,0,0,461,479,2560,1.0,600.0,636.0,0.9739478957915833,0.0240480961923847,0.002004008016032,82.1624183006536,754251.0,121.0,55.0
6117666160,2016-04-30,6987,5.28000020980835,5.28000020980835,0.0,0.0,0.0,5.28000020980835,0.0,0,0,343,1040,2275,,,,,,,85.34524019004047,485017.0,189.0,53.0
6117666160,2016-05-01,8915,6.73000001907349,6.73000001907349,0.0,0.0,0.0,6.73000001907349,0.0,0,0,397,525,2361,1.0,507.0,575.0,0.8745173745173745,0.081081081081081,0.0444015444015444,77.43914274160939,383014.0,114.0,55.0
6117666160,2016-05-02,4933,3.73000001907349,3.73000001907349,0.0,0.0,0.0,3.73000001907349,0.0,0,0,236,1204,2044,,,,,,,91.67101621194148,231836.0,123.0,61.0
6117666160,2016-05-03,0,0.0,0.0,0.0,0.0,0.0,0.0,0.0,0,0,0,1440,1496,,,,,,,,,,
6117666160,2016-05-04,2997,2.25999999046326,2.25999999046326,0.0,0.0,0.0,2.25999999046326,0.0,0,0,156,1279,1902,,,,,,,92.8977973568282,210878.0,124.0,62.0
6117666160,2016-05-05,9799,7.40000009536743,7.40000009536743,0.0,0.0,0.0,7.40000009536743,0.0,0,0,487,479,2636,1.0,392.0,415.0,0.9430379746835444,0.0464135021097046,0.010548523206751,84.71879315839796,797458.0,120.0,52.0
6117666160,2016-05-06,3365,2.6800000667572,2.6800000667572,0.0,0.0,0.0,2.6800000667572,0.0,0,0,133,673,1838,2.0,658.0,698.0,0.943217665615142,0.0504731861198738,0.0063091482649842,76.57278208441,266703.0,126.0,54.0
6117666160,2016-05-07,7336,5.53999996185303,5.53999996185303,0.0,0.0,0.0,5.53999996185303,0.0,0,0,412,456,2469,2.0,498.0,507.0,0.9737762237762236,0.0192307692307692,0.0069930069930069,83.87947810703228,758606.0,126.0,54.0
6117666160,2016-05-08,7328,5.53000020980835,5.53000020980835,0.0,0.0,0.0,5.53000020980835,0.0,0,0,318,517,2250,1.0,555.0,603.0,0.9173553719008264,0.0611570247933884,0.0214876033057851,81.14073912569498,744304.0,118.0,52.0
6117666160,2016-05-09,4477,3.38000011444092,3.38000011444092,0.0,0.0,0.0,3.38000011444092,0.0,0,0,197,125,1248,1.0,492.0,522.0,0.9516483516483516,0.0395604395604395,0.0087912087912087,76.46606060606061,378507.0,113.0,52.0
6290855005,2016-04-12,4562,3.45000004768372,3.45000004768372,0.0,0.0,0.0,3.45000004768372,0.0,0,0,199,1241,2560,,,,,,,,,,
6290855005,2016-04-13,7142,5.40000009536743,5.40000009536743,0.0,0.0,0.0,5.3899998664856,0.0099999997764825,0,0,350,1090,2905,,,,,,,,,,
6290855005,2016-04-14,7671,5.80000019073486,5.80000019073486,0.0,0.0,0.0,5.76999998092651,0.0299999993294477,0,0,363,1077,2952,,,,,,,,,,
6290855005,2016-04-15,9501,7.17999982833862,7.17999982833862,0.0,0.0,0.0,7.17000007629395,0.0099999997764825,0,0,328,1112,2896,,,,,,,,,,
6290855005,2016-04-16,8301,6.28000020980835,6.28000020980835,0.0,0.0,0.0,6.26999998092651,0.0099999997764825,0,0,258,1182,2783,,,,,,,,,,
6290855005,2016-04-17,7851,5.94000005722046,5.94000005722046,0.0,1.13999998569489,0.790000021457672,4.0,0.0,31,12,225,1172,3171,,,,,,,,,,
6290855005,2016-04-18,6885,5.21000003814697,5.21000003814697,0.0,0.0,0.0,5.19000005722046,0.0199999995529652,0,0,271,1169,2766,,,,,,,,,,
6290855005,2016-04-19,7142,5.40000009536743,5.40000009536743,0.0,0.0,0.0,5.3899998664856,0.0099999997764825,0,0,321,1119,2839,,,,,,,,,,
6290855005,2016-04-20,6361,4.80999994277954,4.80999994277954,0.0,0.0,0.0,4.80000019073486,0.0099999997764825,0,0,258,1182,2701,,,,,,,,,,
6290855005,2016-04-21,0,0.0,0.0,0.0,0.0,0.0,0.0,0.0,0,0,0,1440,2060,,,,,,,,,,
6290855005,2016-04-22,6238,4.71999979019165,4.71999979019165,0.0,0.0,0.0,4.71999979019165,0.0,0,0,302,1138,2796,,,,,,,,,,
6290855005,2016-04-23,0,0.0,0.0,0.0,0.0,0.0,0.0,0.0,33,0,0,1407,2664,,,,,,,,,,
6290855005,2016-04-24,5896,4.46000003814697,4.46000003814697,0.0,0.0,0.0,4.46000003814697,0.0,0,0,258,1182,2703,,,,,,,,,,
6290855005,2016-04-25,7802,5.90000009536743,5.90000009536743,0.0,0.680000007152557,0.180000007152557,5.03000020980835,0.0099999997764825,8,3,249,1180,2771,,,,,,,,,,
6290855005,2016-04-26,0,0.0,0.0,0.0,0.0,0.0,0.0,0.0,0,0,0,1440,2060,,,,,,,,,,
6290855005,2016-04-27,5565,4.21000003814697,4.21000003814697,0.0,0.0,0.0,4.17999982833862,0.0299999993294477,0,0,287,1153,2743,,,,,,,,,,
6290855005,2016-04-28,5731,4.32999992370605,4.32999992370605,0.0,0.0,0.0,4.32999992370605,0.0,0,0,255,1185,2687,,,,,,,,,,
6290855005,2016-04-29,0,0.0,0.0,0.0,0.0,0.0,0.0,0.0,0,0,0,1440,2060,,,,,,,,,,
6290855005,2016-04-30,6744,5.09999990463257,5.09999990463257,0.0,0.0,0.0,5.09000015258789,0.0099999997764825,0,0,324,1116,2843,,,,,,,,,,
6290855005,2016-05-01,9837,7.44000005722046,7.44000005722046,0.0,0.660000026226044,2.75,4.0,0.0199999995529652,8,95,282,1055,3327,,,,,,,,,,
6290855005,2016-05-02,6781,5.13000011444092,5.13000011444092,0.0,0.0,0.0,5.1100001335144,0.0199999995529652,0,0,268,1172,2725,,,,,,,,,,
6290855005,2016-05-03,6047,4.57000017166138,4.57000017166138,0.0,0.0,0.0,4.57000017166138,0.0,0,0,240,1200,2671,,,,,,,,,,
6290855005,2016-05-04,5832,4.40999984741211,4.40999984741211,0.0,0.0,0.0,4.40000009536743,0.0099999997764825,0,0,272,1168,2718,,,,,,,,,,
6290855005,2016-05-05,6339,4.78999996185303,4.78999996185303,0.0,0.0,0.0,4.78999996185303,0.0,0,0,239,1201,2682,,,,,,,,,,
6290855005,2016-05-06,6116,4.61999988555908,4.61999988555908,0.0,0.0,0.0,4.59000015258789,0.0299999993294477,0,0,305,1135,2806,,,,,,,,,,
6290855005,2016-05-07,5510,4.17000007629395,4.17000007629395,0.0,0.0,0.0,4.15999984741211,0.0,0,0,227,1213,2613,,,,,,,,,,
6290855005,2016-05-08,7706,5.82999992370605,5.82999992370605,0.0,0.0,0.0,5.82000017166138,0.0,0,0,251,1189,2712,,,,,,,,,,
6290855005,2016-05-09,6277,4.75,4.75,0.0,0.0,0.0,4.73000001907349,0.0199999995529652,0,0,264,800,2175,,,,,,,,,,
6290855005,2016-05-10,0,0.0,0.0,0.0,0.0,0.0,0.0,0.0,0,0,0,1440,0,,,,,,,,,,
6775888955,2016-04-12,0,0.0,0.0,0.0,0.0,0.0,0.0,0.0,0,0,0,1440,1841,,,,,,,,,,
6775888955,2016-04-13,4053,2.91000008583069,2.91000008583069,0.0,1.11000001430511,0.579999983310699,1.22000002861023,0.0,17,18,85,1053,2400,1.0,235.0,260.0,0.8801498127340824,0.0711610486891385,0.048689138576779,82.71974376572867,361568.0,135.0,55.0
6775888955,2016-04-14,5162,3.70000004768372,3.70000004768372,0.0,0.870000004768372,0.860000014305115,1.97000002861023,0.0,14,24,105,863,2507,1.0,423.0,441.0,0.9746543778801844,0.0253456221198156,0.0,79.26807673389081,483456.0,134.0,57.0
6775888955,2016-04-15,1282,0.920000016689301,0.920000016689301,0.0,0.0,0.0,0.920000016689301,0.0,0,0,58,976,2127,1.0,391.0,406.0,0.9630541871921182,0.0270935960591133,0.0098522167487684,80.59450072358901,278454.0,126.0,62.0
6775888955,2016-04-16,4732,3.39000010490417,3.39000010490417,0.0,2.51999998092651,0.810000002384186,0.0599999986588955,0.0,36,18,9,1377,2225,,,,,,,108.616298811545,63975.0,143.0,70.0
6775888955,2016-04-17,2497,1.78999996185303,1.78999996185303,0.0,0.349999994039536,1.12999999523163,0.310000002384186,0.0,5,24,19,1392,2067,,,,,,,102.36886993603412,48011.0,118.0,70.0
6775888955,2016-04-18,8294,5.94999980926514,5.94999980926514,0.0,2.0,0.769999980926514,3.17000007629395,0.0,30,31,146,1233,2798,,,,,,,97.71949784229108,249087.0,177.0,66.0
6775888955,2016-04-19,0,0.0,0.0,0.0,0.0,0.0,0.0,0.0,0,0,0,1440,1841,,,,,,,99.46153846153848,2586.0,177.0,66.0
6775888955,2016-04-20,10771,7.71999979019165,7.71999979019165,0.0,3.76999998092651,1.74000000953674,2.22000002861023,0.0,70,113,178,1079,3727,,,,,,,105.63590795169742,463636.0,155.0,70.0
6775888955,2016-04-21,0,0.0,0.0,0.0,0.0,0.0,0.0,0.0,0,0,0,1440,1841,,,,,,,,,,
6775888955,2016-04-22,637,0.46000000834465,0.46000000834465,0.0,0.0,0.0,0.46000000834465,0.0,0,0,20,1420,1922,,,,,,,90.88823529411764,30902.0,123.0,66.0
6775888955,2016-04-23,0,0.0,0.0,0.0,0.0,0.0,0.0,0.0,0,0,0,1440,1841,,,,,,,,,,
6775888955,2016-04-24,2153,1.53999996185303,1.53999996185303,0.0,0.769999980926514,0.620000004768372,0.150000005960464,0.0,11,18,11,1400,2053,,,,,,,109.78962536023054,38097.0,140.0,70.0
6775888955,2016-04-25,6474,4.6399998664856,4.6399998664856,0.0,2.26999998092651,0.46000000834465,1.89999997615814,0.0,33,13,92,1302,2484,,,,,,,94.66481994459834,170870.0,131.0,58.0
6775888955,2016-04-26,7091,5.26999998092651,5.26999998092651,1.95959603786469,3.48000001907349,0.870000004768372,0.730000019073486,0.0,42,30,47,1321,2584,,,,,,,99.66020593579648,164539.0,143.0,56.0
6775888955,2016-04-27,0,0.0,0.0,0.0,0.0,0.0,0.0,0.0,0,0,0,1440,1841,,,,,,,,,,
6775888955,2016-04-28,703,0.5,0.5,0.0,0.0599999986588955,0.200000002980232,0.239999994635582,0.0,2,13,15,1410,1993,,,,,,,104.70873786407768,32355.0,134.0,70.0
6775888955,2016-04-29,0,0.0,0.0,0.0,0.0,0.0,0.0,0.0,0,0,0,1440,1841,,,,,,,81.78947368421052,1554.0,109.0,70.0
6775888955,2016-04-30,2503,1.78999996185303,1.78999996185303,0.0,0.159999996423721,0.159999996423721,1.48000001907349,0.0,3,9,84,1344,2280,,,,,,,96.10215350635008,174041.0,125.0,68.0
6775888955,2016-05-01,2487,1.77999997138977,1.77999997138977,0.0,0.479999989271164,0.620000004768372,0.680000007152557,0.0,9,34,50,1347,2319,,,,,,,107.13917050691244,116246.0,129.0,70.0
6775888955,2016-05-02,0,0.0,0.0,0.0,0.0,0.0,0.0,0.0,0,0,0,1440,1841,,,,,,,,,,
6775888955,2016-05-03,9,0.0099999997764825,0.0099999997764825,0.0,0.0,0.0,0.0099999997764825,0.0,0,0,1,1439,1843,,,,,,,,,,
6775888955,2016-05-04,0,0.0,0.0,0.0,0.0,0.0,0.0,0.0,0,0,0,1440,1841,,,,,,,,,,
6775888955,2016-05-05,0,0.0,0.0,0.0,0.0,0.0,0.0,0.0,0,0,0,1440,1841,,,,,,,,,,
6775888955,2016-05-06,4697,3.36999988555908,3.36999988555908,0.0,0.469999998807907,0.930000007152557,1.92999994754791,0.0,12,35,75,1318,2496,,,,,,,98.85751072961374,230338.0,135.0,71.0
6775888955,2016-05-07,1967,1.4099999666214,1.4099999666214,0.0,0.129999995231628,0.239999994635582,1.04999995231628,0.0,2,5,49,551,1032,,,,,,,94.2218278615794,106188.0,118.0,70.0
6962181067,2016-04-12,10199,6.73999977111816,6.73999977111816,0.0,3.40000009536743,0.829999983310699,2.50999999046326,0.0,50,14,189,796,1994,1.0,366.0,387.0,0.9462915601023018,0.0460358056265984,0.0076726342710997,85.03632013919095,781994.0,176.0,47.0
6962181067,2016-04-13,5652,3.74000000953674,3.74000000953674,0.0,0.569999992847443,1.21000003814697,1.96000003814697,0.0,8,24,142,548,1718,3.0,630.0,679.0,0.9192200557103064,0.0654596100278551,0.0153203342618384,80.51959835470602,665575.0,149.0,59.0
6962181067,2016-04-14,1551,1.02999997138977,1.02999997138977,0.0,0.0,0.0,1.02999997138977,0.0,0,0,86,862,1466,2.0,508.0,535.0,0.9634146341463414,0.032520325203252,0.0040650406504065,70.12622079367041,567251.0,131.0,55.0
6962181067,2016-04-15,5563,3.6800000667572,3.6800000667572,0.0,0.0,0.0,3.6800000667572,0.0,0,0,217,837,1756,1.0,370.0,386.0,0.9585492227979274,0.0362694300518134,0.005181347150259,72.99198084979055,609848.0,115.0,54.0
6962181067,2016-04-16,13217,8.73999977111816,8.73999977111816,0.0,3.66000008583069,0.189999997615814,4.88000011444092,0.0,50,3,280,741,2173,1.0,357.0,366.0,0.9754098360655736,0.0136612021857923,0.0109289617486338,82.04018218623482,810557.0,142.0,55.0
6962181067,2016-04-17,10145,6.71000003814697,6.71000003814697,0.0,0.330000013113022,0.680000007152557,5.69000005722046,0.0,5,13,295,634,2027,1.0,427.0,446.0,0.9614604462474644,0.0324543610547667,0.0060851926977687,76.66448880822746,633632.0,139.0,58.0
6962181067,2016-04-18,11404,7.53999996185303,7.53999996185303,0.0,0.829999983310699,2.39000010490417,4.32000017166138,0.0,13,42,238,689,2039,1.0,442.0,458.0,0.945414847161572,0.0458515283842794,0.0087336244541484,76.9169910837624,612490.0,134.0,55.0
6962181067,2016-04-19,10742,7.09999990463257,7.09999990463257,0.0,2.09999990463257,2.13000011444092,2.86999988555908,0.0,35,41,195,659,2046,1.0,476.0,535.0,0.8960784313725491,0.096078431372549,0.0078431372549019,77.42858801672085,666815.0,135.0,58.0
6962181067,2016-04-20,13928,9.55000019073486,9.55000019073486,0.0,4.28000020980835,0.189999997615814,5.09000015258789,0.0,48,4,297,639,2174,1.0,418.0,424.0,0.986725663716814,0.0132743362831858,0.0,74.90601080594327,665465.0,137.0,50.0
6962181067,2016-04-21,11835,9.71000003814697,7.88000011444092,4.08169221878052,3.99000000953674,2.09999990463257,3.50999999046326,0.109999999403954,53,27,214,708,2179,1.0,451.0,457.0,0.9885844748858448,0.0114155251141552,0.0,83.47130206625123,763512.0,173.0,49.0
6962181067,2016-04-22,10725,7.09000015258789,7.09000015258789,0.0,1.76999998092651,1.54999995231628,3.76999998092651,0.0,30,33,240,659,2086,1.0,425.0,435.0,0.9539748953974896,0.0397489539748954,0.006276150627615,79.11627137341424,717189.0,169.0,55.0
6962181067,2016-04-23,20031,13.2399997711182,13.2399997711182,0.0,4.19999980926514,2.0,7.03999996185303,0.0,58,41,347,484,2571,1.0,528.0,546.0,0.9915254237288136,0.0084745762711864,0.0,84.64590097402598,834270.0,152.0,52.0
6962181067,2016-04-24,5029,3.3199999332428,3.3199999332428,0.0,0.0,0.0,3.3199999332428,0.0,0,0,199,720,1705,1.0,511.0,514.0,0.9884836852207294,0.0095969289827255,0.0019193857965451,68.82344093486059,594841.0,114.0,49.0
6962181067,2016-04-25,13239,9.27000045776367,9.07999992370605,2.78517508506775,3.01999998092651,1.67999994754791,4.46000003814697,0.100000001490116,35,31,282,637,2194,1.0,400.0,415.0,0.967032967032967,0.0263736263736263,0.0065934065934065,73.98988232706478,672790.0,142.0,51.0
6962181067,2016-04-26,10433,6.90000009536743,6.90000009536743,0.0,2.57999992370605,0.419999986886978,3.90000009536743,0.0,36,7,254,680,2012,1.0,441.0,446.0,0.980561555075594,0.0172786177105831,0.0021598272138228,77.07536166872266,687281.0,140.0,51.0
6962181067,2016-04-27,10320,6.82000017166138,6.82000017166138,0.0,0.550000011920929,2.01999998092651,4.25,0.0,7,38,279,697,2034,1.0,455.0,467.0,0.9856801909307876,0.0143198090692124,0.0,72.99697498545666,627409.0,142.0,53.0
6962181067,2016-04-28,12627,8.35000038146973,8.35000038146973,0.0,2.50999999046326,0.239999994635582,5.59000015258789,0.0,38,8,288,621,2182,1.0,440.0,453.0,0.9608247422680412,0.0350515463917525,0.0041237113402061,82.0752688172043,732768.0,174.0,54.0
6962181067,2016-04-29,10762,7.1100001335144,7.1100001335144,0.0,0.819999992847443,0.479999989271164,5.80999994277954,0.0,12,15,369,645,2254,1.0,433.0,447.0,0.9824561403508772,0.0175438596491228,0.0,80.9635204922536,736849.0,141.0,56.0
6962181067,2016-04-30,10081,6.65999984741211,6.65999984741211,0.0,2.24000000953674,0.759999990463257,3.67000007629395,0.0,32,16,237,731,2002,1.0,422.0,424.0,0.9952830188679244,0.0047169811320754,0.0,80.1626647834275,681062.0,141.0,53.0
6962181067,2016-05-01,5454,3.60999989509583,3.60999989509583,0.0,0.0,0.0,3.60999989509583,0.0,0,0,215,722,1740,1.0,411.0,426.0,0.9622266401590456,0.0318091451292246,0.0059642147117296,73.29039031620553,593359.0,127.0,56.0
6962181067,2016-05-02,12912,8.53999996185303,8.53999996185303,0.0,1.20000004768372,2.0,5.34000015258789,0.0,18,39,313,655,2162,1.0,466.0,482.0,0.9614457831325302,0.0265060240963855,0.0120481927710843,79.67409119562933,758338.0,140.0,56.0
6962181067,2016-05-03,12109,8.11999988555908,8.11999988555908,0.0,1.74000000953674,2.03999996185303,4.32999992370605,0.0,21,36,267,654,2072,1.0,394.0,418.0,0.9523809523809524,0.0389610389610389,0.0086580086580086,75.40436222450612,660316.0,157.0,53.0
6962181067,2016-05-04,10147,6.71000003814697,6.71000003814697,0.0,0.469999998807907,1.67999994754791,4.55000019073486,0.0,15,36,284,683,2086,1.0,442.0,455.0,0.966824644549763,0.0284360189573459,0.0047393364928909,79.47459105779717,728782.0,174.0,55.0
6962181067,2016-05-05,10524,6.96000003814697,6.96000003814697,0.0,0.990000009536743,1.1599999666214,4.80999994277954,0.0,14,22,305,591,2066,1.0,467.0,491.0,0.937007874015748,0.0511811023622047,0.0118110236220472,76.64476227290298,594840.0,128.0,54.0
6962181067,2016-05-06,5908,3.91000008583069,3.91000008583069,0.0,0.0,0.0,3.91000008583069,0.0,0,0,299,717,1850,1.0,443.0,462.0,0.981132075471698,0.0188679245283018,0.0,72.33436738311545,652890.0,114.0,52.0
6962181067,2016-05-07,6815,4.5,4.5,0.0,0.0,0.0,4.5,0.0,0,0,328,745,1947,1.0,298.0,334.0,0.896457765667575,0.0735694822888283,0.0299727520435967,76.97600374575676,657606.0,125.0,57.0
6962181067,2016-05-08,4188,2.76999998092651,2.76999998092651,0.0,0.0,0.519999980926514,2.25,0.0,0,14,151,709,1659,1.0,541.0,569.0,0.9434628975265018,0.0459363957597173,0.0106007067137809,74.99709744298549,542604.0,116.0,54.0
6962181067,2016-05-09,12342,8.72000026702881,8.68000030517578,3.16782188415527,3.90000009536743,1.17999994754791,3.65000009536743,0.0,43,21,231,607,2105,1.0,489.0,497.0,0.9962825278810408,0.0037174721189591,0.0,77.01762783095961,659733.0,181.0,56.0
6962181067,2016-05-10,15448,10.210000038147,10.210000038147,0.0,3.47000002861023,1.75,4.98999977111816,0.0,62,34,275,626,2361,1.0,469.0,481.0,0.9593679458239278,0.0361173814898419,0.0045146726862302,83.32208250606662,755398.0,184.0,57.0
6962181067,2016-05-11,6722,4.44000005722046,4.44000005722046,0.0,1.49000000953674,0.310000002384186,2.65000009536743,0.0,24,7,199,709,1855,1.0,452.0,480.0,0.9500998003992016,0.0459081836327345,0.0039920159680638,79.25104235242485,722294.0,145.0,53.0
6962181067,2016-05-12,3587,2.36999988555908,2.36999988555908,0.0,0.0,0.25,2.10999989509583,0.0,0,8,105,127,928,1.0,516.0,535.0,0.9667359667359668,0.0291060291060291,0.0041580041580041,75.71574096531651,312176.0,117.0,60.0
7007744171,2016-04-12,14172,10.289999961853,9.47999954223633,4.8697829246521,4.5,0.379999995231628,5.40999984741211,0.0,53,8,355,1024,2937,,,,,,,96.42644387940427,530924.0,151.0,70.0
7007744171,2016-04-13,12862,9.64999961853027,8.60000038146973,4.8513069152832,4.6100001335144,0.560000002384186,4.48000001907349,0.0,56,22,261,1101,2742,,,,,,,93.00640161725067,552086.0,144.0,70.0
7007744171,2016-04-14,11179,8.23999977111816,7.48000001907349,3.28541493415833,2.95000004768372,0.340000003576279,4.96000003814697,0.0,34,6,304,1096,2668,,,,,,,92.3463724506854,552416.0,132.0,54.0
7007744171,2016-04-15,5273,3.52999997138977,3.52999997138977,0.0,0.0,0.0,3.52999997138977,0.0,0,0,202,1238,2098,,,,,,,84.83902094610497,360481.0,128.0,60.0
7007744171,2016-04-16,4631,3.09999990463257,3.09999990463257,0.0,0.0,0.0,3.09999990463257,0.0,0,0,203,1155,2076,1.0,79.0,82.0,0.9634146341463414,0.0365853658536585,0.0,79.95248226950355,450932.0,129.0,61.0
7007744171,2016-04-17,8059,5.3899998664856,5.3899998664856,0.0,0.0,0.0,5.3899998664856,0.0,0,0,305,1135,2383,,,,,,,85.97764946917489,461614.0,127.0,63.0
7007744171,2016-04-18,14816,10.9799995422363,9.90999984741211,4.93055009841919,3.78999996185303,2.11999988555908,5.05000019073486,0.0199999995529652,48,31,284,1077,2832,,,,,,,93.21345934495682,572051.0,139.0,65.0
7007744171,2016-04-19,14194,10.4799995422363,9.5,4.94214200973511,4.40999984741211,0.759999990463257,5.30999994277954,0.0,53,17,304,1066,2812,,,,,,,94.4138051246296,541652.0,138.0,67.0
7007744171,2016-04-20,15566,11.3100004196167,10.4099998474121,4.92484092712402,4.78999996185303,0.670000016689301,5.8600001335144,0.0,60,33,347,1000,3096,,,,,,,96.79697587495752,569747.0,151.0,70.0
7007744171,2016-04-21,13744,9.1899995803833,9.1899995803833,0.0,2.15000009536743,1.87000000476837,5.17000007629395,0.0,30,34,327,1049,2763,,,,,,,92.19450171821306,536572.0,136.0,64.0
7007744171,2016-04-22,15299,10.2399997711182,10.2399997711182,0.0,4.09999990463257,1.75999999046326,4.36999988555908,0.0,64,50,261,1065,2889,,,,,,,93.92858369098713,547134.0,156.0,57.0
7007744171,2016-04-23,8093,5.40999984741211,5.40999984741211,0.0,0.129999995231628,1.12999999523163,4.15000009536743,0.0,2,25,223,1190,2284,,,,,,,93.2887277521424,283038.0,135.0,66.0
7007744171,2016-04-24,11085,7.42000007629395,7.42000007629395,0.0,0.0,0.0,7.42000007629395,0.0,0,0,419,1021,2667,,,,,,,95.1945384243596,393915.0,122.0,66.0
7007744171,2016-04-25,18229,13.3400001525879,12.1999998092651,4.86179208755493,4.30999994277954,1.37000000476837,7.67000007629395,0.0,51,24,379,986,3055,,,,,,,94.64476021314388,586135.0,137.0,60.0
7007744171,2016-04-26,15090,10.1000003814697,10.1000003814697,0.0,0.930000007152557,0.939999997615814,8.22999954223633,0.0,16,22,424,978,2939,,,,,,,90.65212512273813,646259.0,143.0,63.0
7007744171,2016-04-27,13541,10.2200002670288,9.0600004196167,4.88560485839844,4.26999998092651,0.660000026226044,5.28999996185303,0.0,50,12,337,1041,2830,,,,,,,95.18625238673842,548368.0,137.0,71.0
7007744171,2016-04-28,15128,10.1199998855591,10.1199998855591,0.0,1.0900000333786,0.769999980926514,8.26000022888184,0.0,16,16,401,1007,2836,,,,,,,89.45166402535658,564440.0,152.0,58.0
7007744171,2016-04-29,20067,14.3000001907349,13.4200000762939,4.91114616394043,4.30999994277954,2.04999995231628,7.94999980926514,0.0,55,42,382,961,3180,,,,,,,93.94141876430206,615786.0,145.0,63.0
7007744171,2016-04-30,3761,2.51999998092651,2.51999998092651,0.0,0.0,0.0,2.51999998092651,0.0,0,0,200,1240,2051,,,,,,,80.32344497607656,419690.0,124.0,61.0
7007744171,2016-05-01,5600,3.75,3.75,0.0,0.0,0.0,3.75,0.0,0,0,237,1142,2225,1.0,58.0,61.0,0.9508196721311476,0.0491803278688524,0.0,84.96455424274973,395510.0,128.0,57.0
7007744171,2016-05-02,13041,9.18000030517578,8.72000026702881,2.83232593536377,4.6399998664856,0.699999988079071,3.82999992370605,0.0,64,14,250,1112,2642,,,,,,,86.10571081409478,496055.0,147.0,58.0
7007744171,2016-05-03,14510,10.8699998855591,9.71000003814697,4.91236782073975,4.48000001907349,1.01999998092651,5.3600001335144,0.0,58,31,330,1021,2976,,,,,,,93.36198046034112,563813.0,138.0,65.0
7007744171,2016-05-04,0,0.0,0.0,0.0,0.0,0.0,0.0,0.0,0,0,0,1440,1557,,,,,,,,,,
7007744171,2016-05-05,15010,11.1000003814697,10.039999961853,4.8782320022583,4.32999992370605,1.28999996185303,5.48000001907349,0.0,53,23,317,1047,2933,,,,,,,97.89637305699482,472350.0,133.0,70.0
7007744171,2016-05-06,11459,7.67000007629395,7.67000007629395,0.0,3.0,0.810000002384186,3.85999989509583,0.0,44,13,247,1136,2553,,,,,,,87.15,512442.0,166.0,62.0
7007744171,2016-05-07,0,0.0,0.0,0.0,0.0,0.0,0.0,0.0,0,0,0,111,120,,,,,,,,,,
7086361926,2016-04-12,11317,8.40999984741211,8.40999984741211,0.0,5.26999998092651,0.150000005960464,2.97000002861023,0.0,59,6,153,745,2772,1.0,514.0,525.0,0.972689075630252,0.0210084033613445,0.0063025210084033,,,,
7086361926,2016-04-13,5813,3.61999988555908,3.61999988555908,0.0,0.560000002384186,0.209999993443489,2.83999991416931,0.0,31,26,155,744,2516,1.0,451.0,465.0,0.9793388429752066,0.0206611570247933,0.0,,,,
7086361926,2016-04-14,9123,6.11999988555908,6.11999988555908,0.0,2.02999997138977,0.330000013113022,3.66000008583069,0.0,35,32,189,787,2734,1.0,472.0,476.0,0.9974811083123426,0.0025188916876574,0.0,,,,
7086361926,2016-04-15,8585,5.67000007629395,5.67000007629395,0.0,2.03999996185303,1.11000001430511,2.52999997138977,0.0,30,21,139,864,2395,1.0,377.0,386.0,0.9766839378238342,0.0207253886010362,0.0025906735751295,,,,
7086361926,2016-04-16,31,0.0099999997764825,0.0099999997764825,0.0,0.0,0.0,0.0099999997764825,0.0,0,0,3,1437,1635,,,,,,,,,,
7086361926,2016-04-17,0,0.0,0.0,0.0,0.0,0.0,0.0,0.0,0,0,0,1440,1629,,,,,,,,,,
7086361926,2016-04-18,9827,6.71000003814697,6.71000003814697,0.0,3.17000007629395,1.22000002861023,2.30999994277954,0.0,61,51,114,1136,2743,,,,,,,,,,
7086361926,2016-04-19,10688,7.28999996185303,7.28999996185303,0.0,3.52999997138977,1.23000001907349,2.50999999046326,0.0,67,69,124,671,2944,1.0,472.0,483.0,0.9803536345776032,0.0196463654223968,0.0,,,,
7086361926,2016-04-20,14365,10.6400003433228,10.6400003433228,0.0,7.6399998664856,0.449999988079071,2.53999996185303,0.0,87,13,145,797,2997,1.0,492.0,502.0,0.9899497487437184,0.0100502512562814,0.0,,,,
7086361926,2016-04-21,9469,6.17999982833862,6.17999982833862,0.0,1.36000001430511,0.300000011920929,4.51000022888184,0.0,19,6,206,758,2463,1.0,390.0,411.0,0.9223946784922394,0.0465631929046563,0.0310421286031042,,,,
7086361926,2016-04-22,9753,6.53000020980835,6.53000020980835,0.0,2.86999988555908,0.970000028610229,2.67000007629395,0.0,58,59,153,762,2846,1.0,428.0,448.0,0.9852941176470588,0.0147058823529411,0.0,,,,
7086361926,2016-04-23,2817,1.80999994277954,1.80999994277954,0.0,0.0,0.0,1.79999995231628,0.0,0,0,90,1350,1965,,,,,,,,,,
7086361926,2016-04-24,3520,2.16000008583069,2.16000008583069,0.0,0.0,0.0,2.15000009536743,0.0,0,0,125,566,2049,1.0,681.0,704.0,0.9692923898531376,0.0307076101468624,0.0,,,,
7086361926,2016-04-25,10091,6.82000017166138,6.82000017166138,0.0,3.75,0.699999988079071,2.36999988555908,0.0,69,39,129,706,2752,1.0,446.0,447.0,0.9859154929577464,0.0140845070422535,0.0,,,,
7086361926,2016-04-26,10387,7.07000017166138,7.07000017166138,0.0,4.15999984741211,0.769999980926514,2.11999988555908,0.0,70,33,132,726,2781,1.0,485.0,500.0,0.9707724425887264,0.0292275574112734,0.0,,,,
7086361926,2016-04-27,11107,8.34000015258789,8.34000015258789,0.0,5.63000011444092,0.180000007152557,2.52999997138977,0.0,55,6,145,829,2693,1.0,469.0,479.0,0.9876543209876544,0.0123456790123456,0.0,,,,
7086361926,2016-04-28,11584,7.80000019073486,7.80000019073486,0.0,2.78999996185303,1.63999998569489,3.35999989509583,0.0,54,48,161,810,2862,1.0,354.0,367.0,0.9645776566757494,0.0245231607629427,0.0108991825613079,,,,
7086361926,2016-04-29,7881,4.94999980926514,4.94999980926514,0.0,0.490000009536743,0.449999988079071,4.0,0.0,24,36,182,1198,2616,,,,,,,,,,
7086361926,2016-04-30,14560,9.40999984741211,9.40999984741211,0.0,3.11999988555908,1.03999996185303,5.23999977111816,0.0,42,17,308,584,2995,1.0,485.0,489.0,0.9918200408997956,0.0040899795501022,0.0040899795501022,,,,
7086361926,2016-05-01,12390,8.06999969482422,8.06999969482422,0.0,2.29999995231628,0.899999976158142,4.84999990463257,0.0,30,15,258,685,2730,1.0,388.0,407.0,0.9358407079646016,0.0420353982300885,0.0221238938053097,,,,
7086361926,2016-05-02,10052,6.80999994277954,6.80999994277954,0.0,3.48000001907349,0.660000026226044,2.66000008583069,0.0,66,26,139,737,2754,1.0,440.0,459.0,0.9766949152542372,0.0233050847457627,0.0,,,,
7086361926,2016-05-03,10288,6.76000022888184,6.76000022888184,0.0,2.74000000953674,0.850000023841858,3.16000008583069,0.0,57,36,152,761,2754,1.0,456.0,461.0,0.9861751152073732,0.0138248847926267,0.0,,,,
7086361926,2016-05-04,10988,8.3100004196167,8.3100004196167,0.0,5.28000020980835,0.119999997317791,2.90000009536743,0.0,45,12,135,843,2655,1.0,420.0,436.0,0.9679012345679012,0.0320987654320987,0.0,,,,
7086361926,2016-05-05,8564,5.59999990463257,5.59999990463257,0.0,1.77999997138977,0.829999983310699,2.95000004768372,0.0,24,14,149,1253,2386,,,,,,,,,,
7086361926,2016-05-06,12461,8.38000011444092,8.38000011444092,0.0,3.8199999332428,1.42999994754791,3.11999988555908,0.0,84,35,154,834,2924,1.0,322.0,333.0,0.9669669669669668,0.03003003003003,0.003003003003003,,,,
7086361926,2016-05-07,12827,8.47999954223633,8.47999954223633,0.0,1.46000003814697,2.32999992370605,4.67999982833862,0.0,20,42,209,621,2739,1.0,530.0,548.0,0.9671532846715328,0.0310218978102189,0.0018248175182481,,,,
7086361926,2016-05-08,10677,7.09999990463257,7.09999990463257,0.0,2.30999994277954,1.52999997138977,3.25,0.0,32,27,147,695,2534,1.0,481.0,510.0,0.9443413729128016,0.0389610389610389,0.0166975881261595,,,,
7086361926,2016-05-09,13566,9.10999965667725,9.10999965667725,0.0,4.26000022888184,1.71000003814697,3.11999988555908,0.0,67,50,171,743,2960,1.0,427.0,438.0,0.9755501222493888,0.0244498777506112,0.0,,,,
7086361926,2016-05-10,14433,10.789999961853,10.789999961853,0.0,7.1100001335144,1.20000004768372,2.45000004768372,0.0,72,23,106,1182,2800,,,,,,,,,,
7086361926,2016-05-11,9572,6.51999998092651,6.51999998092651,0.0,2.89000010490417,1.38999998569489,2.23000001907349,0.0,57,40,128,757,2735,1.0,451.0,463.0,0.962800875273523,0.0350109409190372,0.0021881838074398,,,,
7086361926,2016-05-12,3789,2.55999994277954,2.55999994277954,0.0,0.379999995231628,0.270000010728836,1.88999998569489,0.0,5,4,58,343,1199,1.0,444.0,457.0,0.9827586206896552,0.0172413793103448,0.0,,,,
8053475328,2016-04-12,18060,14.1199998855591,14.1199998855591,0.0,11.6400003433228,0.389999985694885,2.09999990463257,0.0,116,8,123,1193,3186,,,,,,,,,,
8053475328,2016-04-13,16433,13.3500003814697,13.3500003814697,0.0,10.4300003051758,0.469999998807907,2.45000004768372,0.0,95,12,156,1177,3140,,,,,,,,,,
8053475328,2016-04-14,20159,15.9700002670288,15.9700002670288,0.0,12.3400001525879,0.209999993443489,3.35999989509583,0.0,119,5,193,1123,3411,,,,,,,,,,
8053475328,2016-04-15,20669,16.2399997711182,16.2399997711182,0.0,13.2600002288818,0.389999985694885,2.58999991416931,0.0,132,8,158,1142,3410,,,,,,,,,,
8053475328,2016-04-16,14549,11.1099996566772,11.1099996566772,0.0,9.35999965667725,0.270000010728836,1.49000000953674,0.0,96,6,83,1255,2867,,,,,,,,,,
8053475328,2016-04-17,18827,13.6899995803833,13.6899995803833,0.0,9.23999977111816,0.800000011920929,3.64000010490417,0.0,111,21,195,1113,3213,,,,,,,,,,
8053475328,2016-04-18,17076,12.6599998474121,12.6599998474121,0.0,9.07999992370605,0.230000004172325,3.34999990463257,0.0,102,6,195,1137,3133,,,,,,,,,,
8053475328,2016-04-19,15929,12.4799995422363,12.4799995422363,0.0,9.22000026702881,0.310000002384186,2.95000004768372,0.0,90,7,191,1152,3114,,,,,,,,,,
8053475328,2016-04-20,15108,12.1899995803833,12.1899995803833,0.0,9.57999992370605,0.230000004172325,2.38000011444092,0.0,89,5,158,695,3043,1.0,486.0,493.0,0.9858012170385396,0.0081135902636916,0.0060851926977687,,,,
8053475328,2016-04-21,16057,12.5100002288818,12.5100002288818,0.0,9.67000007629395,0.25,2.57999992370605,0.0,100,6,170,1164,3103,,,,,,,,,,
8053475328,2016-04-22,10520,8.28999996185303,8.28999996185303,0.0,6.26000022888184,0.150000005960464,1.87999999523163,0.0,60,3,117,1260,2655,,,,,,,,,,
8053475328,2016-04-23,22359,17.1900005340576,17.1900005340576,0.0,12.539999961853,0.629999995231628,4.01999998092651,0.0,125,14,223,741,3554,1.0,331.0,337.0,0.9821958456973294,0.0029673590504451,0.0148367952522255,,,,
8053475328,2016-04-24,22988,17.9500007629395,17.9500007629395,0.0,13.1300001144409,1.54999995231628,3.25999999046326,0.0,129,33,182,1096,3577,,,,,,,,,,
8053475328,2016-04-25,20500,15.6899995803833,15.6899995803833,0.0,11.3699998855591,0.46000000834465,3.85999989509583,0.0,118,9,209,1104,3403,,,,,,,,,,
8053475328,2016-04-26,12685,9.61999988555908,9.61999988555908,0.0,6.30999994277954,0.200000002980232,3.09999990463257,0.0,68,5,185,1182,2846,,,,,,,,,,
8053475328,2016-04-27,12422,9.81999969482422,9.81999969482422,0.0,6.46000003814697,0.430000007152557,2.9300000667572,0.0,60,10,183,1187,2852,,,,,,,,,,
8053475328,2016-04-28,15447,12.3999996185303,12.3999996185303,0.0,9.67000007629395,0.389999985694885,2.34999990463257,0.0,90,9,153,1188,3062,,,,,,,,,,
8053475328,2016-04-29,12315,9.64999961853027,9.64999961853027,0.0,6.17000007629395,0.310000002384186,3.17000007629395,0.0,58,8,159,1215,2794,,,,,,,,,,
8053475328,2016-04-30,7135,5.59000015258789,5.59000015258789,0.0,2.99000000953674,0.0599999986588955,2.53999996185303,0.0,27,1,131,1281,2408,,,,,,,,,,
8053475328,2016-05-01,1170,0.850000023841858,0.850000023841858,0.0,0.0,0.0,0.850000023841858,0.0,0,0,51,1389,1886,,,,,,,,,,
8053475328,2016-05-02,1969,1.42999994754791,1.42999994754791,0.0,0.0,0.0,1.42999994754791,0.0,0,0,95,1345,1988,,,,,,,,,,
8053475328,2016-05-03,15484,11.8999996185303,11.8999996185303,0.0,8.39000034332275,0.930000007152557,2.58999991416931,0.0,87,22,165,1166,3023,,,,,,,,,,
8053475328,2016-05-04,14581,11.1499996185303,11.1499996185303,0.0,8.81999969482422,0.400000005960464,1.9099999666214,0.0,89,8,123,1220,2918,,,,,,,,,,
8053475328,2016-05-05,14990,11.5100002288818,11.5100002288818,0.0,8.85000038146973,0.449999988079071,2.21000003814697,0.0,93,9,130,1208,2950,,,,,,,,,,
8053475328,2016-05-06,13953,11.0,11.0,0.0,9.10000038146973,0.689999997615814,1.21000003814697,0.0,90,15,90,1245,2859,,,,,,,,,,
8053475328,2016-05-07,19769,15.6700000762939,15.6700000762939,0.0,12.4399995803833,0.879999995231628,2.34999990463257,0.0,121,20,148,1076,3331,1.0,74.0,75.0,0.9866666666666668,0.0,0.0133333333333333,,,,
8053475328,2016-05-08,22026,17.6499996185303,17.6499996185303,0.0,13.3999996185303,0.589999973773956,3.66000008583069,0.0,125,14,228,1073,3589,,,,,,,,,,
8053475328,2016-05-09,12465,9.38000011444092,9.38000011444092,0.0,6.11999988555908,0.569999992847443,2.69000005722046,0.0,66,12,148,1214,2765,,,,,,,,,,
8053475328,2016-05-10,14810,11.3599996566772,11.3599996566772,0.0,9.09000015258789,0.419999986886978,1.85000002384186,0.0,96,10,115,1219,2926,,,,,,,,,,
8053475328,2016-05-11,12209,9.39999961853027,9.39999961853027,0.0,6.07999992370605,0.280000001192093,3.03999996185303,0.0,60,7,184,1189,2809,,,,,,,,,,
8053475328,2016-05-12,4998,3.91000008583069,3.91000008583069,0.0,2.95000004768372,0.200000002980232,0.759999990463257,0.0,28,4,39,839,1505,,,,,,,,,,
8253242879,2016-04-12,9033,7.15999984741211,7.15999984741211,0.0,5.42999982833862,0.140000000596046,1.5900000333786,0.0,40,2,154,1244,2044,,,,,,,,,,
8253242879,2016-04-13,8053,6.09999990463257,6.09999990463257,0.0,4.17000007629395,0.629999995231628,1.30999994277954,0.0,35,11,96,1298,1935,,,,,,,,,,
8253242879,2016-04-14,5234,3.46000003814697,3.46000003814697,0.0,1.92999994754791,0.990000009536743,0.540000021457672,0.0,29,16,33,1362,1705,,,,,,,,,,
8253242879,2016-04-15,2672,1.76999998092651,1.76999998092651,0.0,0.0,0.0,1.75999999046326,0.0,0,0,105,1335,1632,,,,,,,,,,
8253242879,2016-04-16,9256,6.1399998664856,6.1399998664856,0.0,0.430000007152557,3.26999998092651,2.45000004768372,0.0,6,51,115,1268,1880,,,,,,,,,,
8253242879,2016-04-17,10204,7.90999984741211,7.90999984741211,0.0,5.42999982833862,0.150000005960464,2.32999992370605,0.0,41,5,157,1237,2112,,,,,,,,,,
8253242879,2016-04-18,5151,3.48000001907349,3.48000001907349,0.0,1.03999996185303,0.629999995231628,1.79999995231628,0.0,16,16,130,1278,1829,,,,,,,,,,
8253242879,2016-04-19,4212,2.77999997138977,2.77999997138977,0.0,0.0,0.0,2.77999997138977,0.0,0,0,164,1276,1763,,,,,,,,,,
8253242879,2016-04-20,6466,4.26999998092651,4.26999998092651,0.0,0.330000013113022,0.819999992847443,3.10999989509583,0.0099999997764825,5,18,216,1201,1931,,,,,,,,,,
8253242879,2016-04-21,11268,8.5600004196167,8.5600004196167,0.0,5.88000011444092,0.930000007152557,1.75,0.0,49,20,172,1199,2218,,,,,,,,,,
8253242879,2016-04-22,2824,1.87000000476837,1.87000000476837,0.0,0.0,0.0,1.87000000476837,0.0,0,0,120,1320,1651,,,,,,,,,,
8253242879,2016-04-23,9282,6.26000022888184,6.26000022888184,0.0,2.08999991416931,1.03999996185303,3.13000011444092,0.0,30,26,191,1193,2132,,,,,,,,,,
8253242879,2016-04-24,8905,7.13000011444092,7.13000011444092,0.0,5.59999990463257,0.189999997615814,1.3400000333786,0.0,41,4,82,1313,1976,,,,,,,,,,
8253242879,2016-04-25,6829,4.51000022888184,4.51000022888184,0.0,0.360000014305115,2.39000010490417,1.76999998092651,0.0,7,54,118,1261,1909,,,,,,,,,,
8253242879,2016-04-26,4562,3.03999996185303,3.03999996185303,0.0,1.17999994754791,0.490000009536743,1.37000000476837,0.0,19,14,108,1299,1813,,,,,,,,,,
8253242879,2016-04-27,10232,8.18000030517578,8.18000030517578,0.0,6.23999977111816,0.230000004172325,1.70000004768372,0.0,45,5,104,1286,2008,,,,,,,,,,
8253242879,2016-04-28,2718,1.79999995231628,1.79999995231628,0.0,0.670000016689301,0.779999971389771,0.340000003576279,0.0,11,16,20,1393,1580,,,,,,,,,,
8253242879,2016-04-29,6260,4.26000022888184,4.26000022888184,0.0,1.28999996185303,0.540000021457672,2.40000009536743,0.0,16,14,136,1257,1854,,,,,,,,,,
8253242879,2016-04-30,0,0.0,0.0,0.0,0.0,0.0,0.0,0.0,0,0,0,1440,0,,,,,,,,,,
8378563200,2016-04-12,7626,6.05000019073486,6.05000019073486,2.25308108329773,0.829999983310699,0.709999978542328,4.5,0.0,65,15,156,723,3635,1.0,338.0,356.0,0.9272349272349272,0.0686070686070686,0.0041580041580041,,,,
8378563200,2016-04-13,12386,9.81999969482422,9.81999969482422,2.0921471118927,4.96000003814697,0.649999976158142,4.21000003814697,0.0,116,14,169,680,4079,2.0,447.0,487.0,0.9479392624728852,0.0433839479392624,0.0086767895878524,,,,
8378563200,2016-04-14,13318,10.5600004196167,10.5600004196167,2.25308108329773,5.61999988555908,1.02999997138977,3.91000008583069,0.0,123,21,174,699,4163,1.0,424.0,455.0,0.9432624113475178,0.0449172576832151,0.0118203309692671,,,,
8378563200,2016-04-15,14461,11.4700002670288,11.4700002670288,0.0,4.90999984741211,1.14999997615814,5.40999984741211,0.0,60,23,190,729,3666,1.0,513.0,533.0,0.954337899543379,0.0388127853881278,0.0068493150684931,,,,
8378563200,2016-04-16,11207,8.89000034332275,8.89000034332275,0.0,5.36999988555908,1.07000005245209,2.44000005722046,0.0,64,21,142,563,3363,2.0,611.0,689.0,0.8707692307692307,0.1138461538461538,0.0153846153846153,,,,
8378563200,2016-04-17,2132,1.69000005722046,1.69000005722046,0.0,0.0,0.0,1.69000005722046,0.0,0,0,93,599,2572,2.0,525.0,591.0,0.8756684491978609,0.1136363636363636,0.0106951871657754,,,,
8378563200,2016-04-18,13630,10.8100004196167,10.8100004196167,2.0921471118927,5.05000019073486,0.560000002384186,5.19999980926514,0.0,117,10,174,720,4157,1.0,398.0,451.0,0.909307875894988,0.081145584725537,0.0095465393794749,,,,
8378563200,2016-04-19,13070,10.3599996566772,10.3599996566772,2.25308108329773,5.30000019073486,0.879999995231628,4.17999982833862,0.0,120,19,154,737,4092,1.0,387.0,421.0,0.9365853658536586,0.0512195121951219,0.0121951219512195,,,,
8378563200,2016-04-20,9388,7.44000005722046,7.44000005722046,2.0921471118927,2.23000001907349,0.439999997615814,4.78000020980835,0.0,82,8,169,763,3787,1.0,381.0,409.0,0.9473684210526316,0.0502392344497607,0.0023923444976076,,,,
8378563200,2016-04-21,15148,12.0100002288818,12.0100002288818,2.25308108329773,6.90000009536743,0.819999992847443,4.28999996185303,0.0,137,16,145,677,4236,1.0,396.0,417.0,0.9655913978494624,0.0258064516129032,0.0086021505376344,,,,
8378563200,2016-04-22,12200,9.67000007629395,9.67000007629395,2.0921471118927,4.90999984741211,0.589999973773956,4.17999982833862,0.0,113,12,159,769,4044,1.0,441.0,469.0,0.9198966408268734,0.0697674418604651,0.0103359173126615,,,,
8378563200,2016-04-23,5709,4.53000020980835,4.53000020980835,0.0,1.51999998092651,0.519999980926514,2.48000001907349,0.0,19,10,136,740,2908,1.0,565.0,591.0,0.9495327102803738,0.0392523364485981,0.011214953271028,,,,
8378563200,2016-04-24,3703,2.94000005722046,2.94000005722046,0.0,0.0,0.0,2.94000005722046,0.0,0,0,135,734,2741,1.0,458.0,492.0,0.9334500875656744,0.0560420315236427,0.010507880910683,,,,
8378563200,2016-04-25,12405,9.84000015258789,9.84000015258789,2.0921471118927,5.05000019073486,0.870000004768372,3.92000007629395,0.0,117,16,141,692,4005,2.0,776.0,804.0,1.919661733615222,0.080338266384778,0.0,,,,
8378563200,2016-04-26,16208,12.8500003814697,12.8500003814697,0.0,7.51000022888184,0.920000016689301,4.42000007629395,0.0,90,18,161,593,3763,1.0,550.0,584.0,0.903114186851211,0.0726643598615917,0.0242214532871972,,,,
8378563200,2016-04-27,7359,5.84000015258789,5.84000015258789,0.0,0.330000013113022,0.180000007152557,5.32999992370605,0.0,4,4,192,676,3061,1.0,531.0,600.0,0.925531914893617,0.0656028368794326,0.0088652482269503,,,,
8378563200,2016-04-28,5417,4.30000019073486,4.30000019073486,0.0,0.899999976158142,0.490000009536743,2.91000008583069,0.0,11,10,139,711,2884,1.0,506.0,556.0,0.9103690685413004,0.0808435852372583,0.0087873462214411,,,,
8378563200,2016-04-29,6175,4.90000009536743,4.90000009536743,0.0,0.25,0.360000014305115,4.26999998092651,0.0,3,7,172,767,2982,1.0,527.0,562.0,0.955193482688391,0.0386965376782077,0.0061099796334012,,,,
8378563200,2016-04-30,2946,2.33999991416931,2.33999991416931,0.0,0.0,0.0,2.33999991416931,0.0,0,0,121,780,2660,1.0,468.0,555.0,0.8051948051948052,0.1558441558441558,0.0389610389610389,,,,
8378563200,2016-05-01,11419,9.0600004196167,9.0600004196167,0.0,6.03000020980835,0.560000002384186,2.47000002861023,0.0,71,10,127,669,3369,1.0,475.0,539.0,0.9039145907473308,0.0765124555160142,0.0195729537366548,,,,
8378563200,2016-05-02,6064,4.80999994277954,4.80999994277954,2.0921471118927,0.629999995231628,0.170000001788139,4.01000022888184,0.0,63,4,142,802,3491,1.0,351.0,385.0,0.9463869463869464,0.0536130536130536,0.0,,,,
8378563200,2016-05-03,8712,6.90999984741211,6.90999984741211,2.25308108329773,1.3400000333786,1.05999994277954,4.5,0.0,71,20,195,822,3784,1.0,405.0,429.0,0.9066265060240964,0.0783132530120482,0.0150602409638554,,,,
8378563200,2016-05-04,7875,6.23999977111816,6.23999977111816,0.0,1.55999994277954,0.490000009536743,4.19999980926514,0.0,19,10,167,680,3110,1.0,441.0,477.0,0.9290780141843972,0.0496453900709219,0.0212765957446808,,,,
8378563200,2016-05-05,8567,6.78999996185303,6.78999996185303,2.25308108329773,0.889999985694885,0.159999996423721,5.73999977111816,0.0,66,3,214,764,3783,1.0,381.0,417.0,0.8880407124681934,0.0839694656488549,0.0279898218829516,,,,
8378563200,2016-05-06,7045,5.59000015258789,5.59000015258789,2.0921471118927,1.54999995231628,0.25,3.77999997138977,0.0,74,5,166,831,3644,1.0,323.0,355.0,0.9313186813186812,0.0576923076923076,0.0109890109890109,,,,
8378563200,2016-05-07,4468,3.53999996185303,3.53999996185303,0.0,0.0,0.0,3.53999996185303,0.0,0,0,158,851,2799,2.0,459.0,513.0,0.8863109048723898,0.0812064965197215,0.0324825986078886,,,,
8378563200,2016-05-08,2943,2.32999992370605,2.32999992370605,0.0,0.0,0.0,2.32999992370605,0.0,0,0,139,621,2685,1.0,545.0,606.0,0.9220588235294118,0.0661764705882353,0.0117647058823529,,,,
8378563200,2016-05-09,8382,6.65000009536743,6.65000009536743,2.0921471118927,1.26999998092651,0.660000026226044,4.71999979019165,0.0,71,13,171,772,3721,1.0,359.0,399.0,0.8980582524271845,0.0728155339805825,0.029126213592233,,,,
8378563200,2016-05-10,6582,5.21999979019165,5.21999979019165,2.25308108329773,0.660000026226044,0.639999985694885,3.92000007629395,0.0,63,13,152,840,3586,1.0,342.0,391.0,0.9380053908355797,0.059299191374663,0.0026954177897574,,,,
8378563200,2016-05-11,9143,7.25,7.25,2.0921471118927,1.38999998569489,0.589999973773956,5.26999998092651,0.0,72,10,184,763,3788,1.0,368.0,387.0,0.9439024390243902,0.0463414634146341,0.0097560975609756,,,,
8378563200,2016-05-12,4561,3.61999988555908,3.61999988555908,0.0,0.649999976158142,0.270000010728836,2.69000005722046,0.0,8,6,102,433,1976,1.0,496.0,546.0,0.9139240506329114,0.0784810126582278,0.0075949367088607,,,,
8583815059,2016-04-12,5014,3.91000008583069,3.91000008583069,0.0,0.0,0.330000013113022,3.57999992370605,0.0,0,7,196,1237,2650,,,,,,,,,,
8583815059,2016-04-13,5571,4.34999990463257,4.34999990463257,0.0,0.150000005960464,0.970000028610229,3.23000001907349,0.0,2,23,163,1252,2654,,,,,,,,,,
8583815059,2016-04-14,3135,2.45000004768372,2.45000004768372,0.0,0.0,0.0,2.4300000667572,0.0,0,0,134,1306,2443,,,,,,,,,,
8583815059,2016-04-15,3430,2.6800000667572,2.6800000667572,0.0,0.0,0.0,0.899999976158142,0.0,0,0,65,1375,2505,,,,,,,,,,
8583815059,2016-04-16,5319,4.15000009536743,4.15000009536743,0.0,0.0,0.0,0.0,0.0,0,0,0,1440,2693,,,,,,,,,,
8583815059,2016-04-17,3008,2.34999990463257,2.34999990463257,0.0,0.0,0.0,0.0,0.0,0,0,0,1440,2439,,,,,,,,,,
8583815059,2016-04-18,3864,3.00999999046326,3.00999999046326,0.0,0.310000002384186,1.05999994277954,1.35000002384186,0.0,4,22,105,1309,2536,,,,,,,,,,
8583815059,2016-04-19,5697,4.44000005722046,4.44000005722046,0.0,0.529999971389771,0.479999989271164,3.44000005722046,0.0,7,10,166,1257,2668,,,,,,,,,,
8583815059,2016-04-20,5273,4.1100001335144,4.1100001335144,0.0,0.0,1.03999996185303,3.0699999332428,0.0,0,27,167,1246,2647,,,,,,,,,,
8583815059,2016-04-21,8538,6.65999984741211,6.65999984741211,0.0,2.63000011444092,1.01999998092651,3.00999999046326,0.0,35,18,158,1229,2883,,,,,,,,,,
8583815059,2016-04-22,8687,6.78000020980835,6.78000020980835,0.0,0.28999999165535,2.41000008583069,4.07999992370605,0.0,4,54,212,1170,2944,,,,,,,,,,
8583815059,2016-04-23,9423,7.34999990463257,7.34999990463257,0.0,0.529999971389771,2.02999997138977,4.75,0.0,7,44,238,1151,3012,,,,,,,,,,
8583815059,2016-04-24,8286,6.46000003814697,6.46000003814697,0.0,0.150000005960464,2.04999995231628,4.26999998092651,0.0,2,44,206,1188,2889,,,,,,,,,,
8583815059,2016-04-25,4503,3.50999999046326,3.50999999046326,0.0,1.47000002861023,0.239999994635582,1.80999994277954,0.0,18,6,122,1294,2547,,,,,,,,,,
8583815059,2016-04-26,10499,8.1899995803833,8.1899995803833,0.0,0.0700000002980232,4.21999979019165,3.89000010490417,0.0,1,91,214,1134,3093,,,,,,,,,,
8583815059,2016-04-27,12474,9.72999954223633,9.72999954223633,0.0,6.59999990463257,0.270000010728836,2.86999988555908,0.0,77,5,129,1229,3142,,,,,,,,,,
8583815059,2016-04-28,6174,4.82000017166138,4.82000017166138,0.0,0.0,1.20000004768372,3.60999989509583,0.0,0,28,203,1209,2757,,,,,,,,,,
8583815059,2016-04-29,15168,11.8299999237061,11.8299999237061,0.0,3.90000009536743,3.0,4.92000007629395,0.0,46,67,258,1069,3513,,,,,,,,,,
8583815059,2016-04-30,10085,7.86999988555908,7.86999988555908,0.0,0.150000005960464,1.27999997138977,6.42999982833862,0.0,2,28,317,1093,3164,,,,,,,,,,
8583815059,2016-05-01,4512,3.51999998092651,3.51999998092651,0.0,0.779999971389771,0.119999997317791,2.03999996185303,0.0,10,2,117,1311,2596,,,,,,,,,,
8583815059,2016-05-02,8469,6.6100001335144,6.6100001335144,0.0,0.0,0.0,0.0,0.0,0,0,0,1440,2894,,,,,,,,,,
8583815059,2016-05-03,12015,9.36999988555908,9.36999988555908,0.0,0.0,0.0,0.0,0.0,0,0,0,1440,3212,,,,,,,,,,
8583815059,2016-05-04,3588,2.79999995231628,2.79999995231628,0.0,0.0,0.0,0.0,0.0,0,0,0,1440,2516,,,,,,,,,,
8583815059,2016-05-05,12427,9.6899995803833,9.6899995803833,0.0,0.0,0.0,1.17999994754791,0.0,0,0,70,1370,3266,,,,,,,,,,
8583815059,2016-05-06,5843,4.55999994277954,4.55999994277954,0.0,0.140000000596046,1.19000005722046,3.23000001907349,0.0,2,22,166,1250,2683,,,,,,,,,,
8583815059,2016-05-07,6117,4.76999998092651,4.76999998092651,0.0,0.0,0.0,4.76999998092651,0.0,0,0,250,1190,2810,,,,,,,,,,
8583815059,2016-05-08,9217,7.19000005722046,7.19000005722046,0.0,0.219999998807907,3.30999994277954,3.66000008583069,0.0,3,72,182,1183,2940,,,,,,,,,,
8583815059,2016-05-09,9877,7.69999980926514,7.69999980926514,0.0,5.76000022888184,0.170000001788139,1.73000001907349,0.0,66,4,110,1260,2947,,,,,,,,,,
8583815059,2016-05-10,8240,6.42999982833862,6.42999982833862,0.0,0.689999997615814,2.00999999046326,3.72000002861023,0.0,9,43,162,1226,2846,,,,,,,,,,
8583815059,2016-05-11,8701,6.78999996185303,6.78999996185303,0.0,0.370000004768372,3.24000000953674,3.17000007629395,0.0,5,71,177,1106,2804,,,,,,,,,,
8583815059,2016-05-12,0,0.0,0.0,0.0,0.0,0.0,0.0,0.0,0,0,0,1440,0,,,,,,,,,,
8792009665,2016-04-12,2564,1.63999998569489,1.63999998569489,0.0,0.0,0.0,1.63999998569489,0.0,0,0,116,831,2044,1.0,458.0,493.0,0.9290060851926978,0.0649087221095334,0.0060851926977687,68.92157638065112,522908.0,135.0,48.0
8792009665,2016-04-13,1320,0.839999973773956,0.839999973773956,0.0,0.0,0.0,0.839999973773956,0.0,0,0,82,806,1934,1.0,531.0,552.0,0.9619565217391304,0.0326086956521739,0.0054347826086956,68.50609149676778,551063.0,121.0,43.0
8792009665,2016-04-14,1219,0.779999971389771,0.779999971389771,0.0,0.0,0.0,0.779999971389771,0.0,0,0,84,853,1963,1.0,486.0,503.0,0.9662027833001988,0.0337972166998011,0.0,69.08939820399411,515476.0,124.0,46.0
8792009665,2016-04-15,2483,1.5900000333786,1.5900000333786,0.0,0.0,0.0,1.5900000333786,0.0,0,0,126,937,2009,1.0,363.0,377.0,0.9628647214854112,0.0344827586206896,0.0026525198938992,66.8635228848821,241043.0,116.0,49.0
8792009665,2016-04-16,244,0.159999996423721,0.159999996423721,0.0,0.0,0.0,0.159999996423721,0.0,0,0,12,1428,1721,,,,,,,,,,
8792009665,2016-04-17,0,0.0,0.0,0.0,0.0,0.0,0.0,0.0,0,0,0,1440,1688,,,,,,,,,,
8792009665,2016-04-18,0,0.0,0.0,0.0,0.0,0.0,0.0,0.0,0,0,0,1440,1688,,,,,,,,,,
8792009665,2016-04-19,0,0.0,0.0,0.0,0.0,0.0,0.0,0.0,0,0,0,1440,1688,,,,,,,,,,
8792009665,2016-04-20,3147,2.00999999046326,2.00999999046326,0.0,0.0,0.280000001192093,1.74000000953674,0.0,0,10,139,744,2188,1.0,528.0,547.0,0.9652650822669104,0.0274223034734917,0.0073126142595978,69.61815840309079,540585.0,120.0,44.0
8792009665,2016-04-21,144,0.0900000035762787,0.0900000035762787,0.0,0.0,0.0,0.0900000035762787,0.0,0,0,9,1431,1720,,,,,,,80.80434782608695,14868.0,108.0,66.0
8792009665,2016-04-22,4068,2.59999990463257,2.59999990463257,0.0,0.0500000007450581,0.280000001192093,2.26999998092651,0.0,1,20,195,817,2419,1.0,391.0,407.0,0.9606879606879608,0.0294840294840294,0.0098280098280098,70.26147822992051,592234.0,131.0,44.0
8792009665,2016-04-23,5245,3.35999989509583,3.35999989509583,0.0,0.159999996423721,0.439999997615814,2.75,0.0,8,45,232,795,2748,1.0,339.0,360.0,0.9416666666666668,0.0555555555555555,0.0027777777777777,77.82583837273226,707826.0,141.0,48.0
8792009665,2016-04-24,400,0.259999990463257,0.259999990463257,0.0,0.0399999991059303,0.0500000007450581,0.159999996423721,0.0,3,8,19,1410,1799,,,,,,,76.03863298662705,51174.0,120.0,55.0
8792009665,2016-04-25,0,0.0,0.0,0.0,0.0,0.0,0.0,0.0,0,0,0,1440,1688,,,,,,,,,,
8792009665,2016-04-26,1321,0.850000023841858,0.850000023841858,0.0,0.0,0.0,0.850000023841858,0.0,0,0,80,1360,1928,,,,,,,69.84311892296185,373521.0,114.0,54.0
8792009665,2016-04-27,1758,1.12999999523163,1.12999999523163,0.0,0.0,0.0,1.12999999523163,0.0,0,0,112,900,2067,1.0,423.0,428.0,0.9883177570093458,0.0116822429906542,0.0,68.79205329526529,578266.0,132.0,43.0
8792009665,2016-04-28,6157,3.94000005722046,3.94000005722046,0.0,0.0,0.0,3.94000005722046,0.0,0,0,310,714,2780,1.0,402.0,416.0,0.966346153846154,0.0264423076923076,0.0072115384615384,76.701621506294,719001.0,134.0,44.0
8792009665,2016-04-29,8360,5.34999990463257,5.34999990463257,0.0,0.140000000596046,0.280000001192093,4.92999982833862,0.0,6,14,380,634,3101,1.0,398.0,406.0,0.9802955665024632,0.0147783251231527,0.0049261083743842,80.91153025710116,720679.0,158.0,48.0
8792009665,2016-04-30,7174,4.59000015258789,4.59000015258789,0.0,0.330000013113022,0.360000014305115,3.91000008583069,0.0,10,20,301,749,2896,1.0,343.0,360.0,0.9527777777777776,0.0416666666666666,0.0055555555555555,81.46464198625581,734974.0,132.0,48.0
8792009665,2016-05-01,1619,1.03999996185303,1.03999996185303,0.0,0.0,0.0,1.03999996185303,0.0,0,0,79,834,1962,1.0,503.0,527.0,0.9544592030360532,0.0455407969639468,0.0,67.81017067223964,584049.0,123.0,43.0
8792009665,2016-05-02,1831,1.16999995708466,1.16999995708466,0.0,0.0,0.0,1.16999995708466,0.0,0,0,101,916,2015,1.0,415.0,423.0,0.9810874704491724,0.0189125295508274,0.0,67.40391870512353,553858.0,129.0,45.0
8792009665,2016-05-03,2421,1.54999995231628,1.54999995231628,0.0,0.0,0.0,1.54999995231628,0.0,0,0,156,739,2297,1.0,516.0,545.0,0.946788990825688,0.0495412844036697,0.0036697247706422,74.37193973634652,631864.0,119.0,45.0
8792009665,2016-05-04,2283,1.46000003814697,1.46000003814697,0.0,0.0,0.0,1.46000003814697,0.0,0,0,129,848,2067,1.0,439.0,463.0,0.9481641468682506,0.0475161987041036,0.0043196544276457,74.97814661134163,271046.0,114.0,51.0
8792009665,2016-05-05,0,0.0,0.0,0.0,0.0,0.0,0.0,0.0,0,0,0,1440,1688,,,,,,,,,,
8792009665,2016-05-06,0,0.0,0.0,0.0,0.0,0.0,0.0,0.0,0,0,0,1440,1688,,,,,,,,,,
8792009665,2016-05-07,0,0.0,0.0,0.0,0.0,0.0,0.0,0.0,0,0,0,1440,1688,,,,,,,,,,
8792009665,2016-05-08,0,0.0,0.0,0.0,0.0,0.0,0.0,0.0,0,0,0,1440,1688,,,,,,,,,,
8792009665,2016-05-09,0,0.0,0.0,0.0,0.0,0.0,0.0,0.0,0,0,0,1440,1688,,,,,,,,,,
8792009665,2016-05-10,0,0.0,0.0,0.0,0.0,0.0,0.0,0.0,0,0,0,48,57,,,,,,,,,,
8877689391,2016-04-12,23186,20.3999996185303,20.3999996185303,0.0,12.2200002670288,0.340000003576279,7.82000017166138,0.0,85,7,312,1036,3921,,,,,,,86.54770531400966,716615.0,164.0,47.0
8877689391,2016-04-13,15337,9.57999992370605,9.57999992370605,0.0,3.54999995231628,0.379999995231628,5.6399998664856,0.0,108,18,216,1098,3566,,,,,,,84.74373324006062,726847.0,160.0,50.0
8877689391,2016-04-14,21129,18.9799995422363,18.9799995422363,0.0,10.5500001907349,0.589999973773956,7.75,0.0199999995529652,68,13,298,1061,3793,,,,,,,85.32065217391305,690756.0,169.0,50.0
8877689391,2016-04-15,13422,7.17000007629395,7.17000007629395,0.0,0.0500000007450581,0.0500000007450581,7.01000022888184,0.0099999997764825,106,1,281,1052,3934,,,,,,,91.9323616955763,895697.0,165.0,48.0
8877689391,2016-04-16,29326,25.2900009155273,25.2900009155273,0.0,13.2399997711182,1.21000003814697,10.710000038147,0.0,94,29,429,888,4547,,,,,,,92.05598386905469,776124.0,172.0,54.0
8877689391,2016-04-17,15118,8.86999988555908,8.86999988555908,0.0,0.0,0.0700000002980232,8.78999996185303,0.0,58,15,307,1060,3545,,,,,,,87.87448891091563,709235.0,167.0,51.0
8877689391,2016-04-18,11423,8.67000007629395,8.67000007629395,0.0,2.44000005722046,0.270000010728836,5.94000005722046,0.0,29,5,191,1215,2761,,,,,,,66.03913176398655,432028.0,139.0,48.0
8877689391,2016-04-19,18785,17.3999996185303,17.3999996185303,0.0,12.1499996185303,0.180000007152557,5.03000020980835,0.0,82,13,214,1131,3676,,,,,,,86.588675891837,682059.0,178.0,49.0
8877689391,2016-04-20,19948,18.1100006103516,18.1100006103516,0.0,11.0200004577637,0.689999997615814,6.34000015258789,0.0,73,19,225,1123,3679,,,,,,,85.49429998719098,667454.0,173.0,51.0
8877689391,2016-04-21,19377,17.6200008392334,17.6200008392334,0.0,12.289999961853,0.419999986886978,4.8899998664856,0.0,82,13,226,1119,3659,,,,,,,87.1338696913743,660649.0,170.0,53.0
8877689391,2016-04-22,18258,16.3099994659424,16.3099994659424,0.0,10.2299995422363,0.0299999993294477,5.96999979019165,0.0500000007450581,61,2,236,1141,3427,,,,,,,82.80519974635384,652919.0,163.0,47.0
8877689391,2016-04-23,11200,7.42999982833862,7.42999982833862,0.0,0.0,0.0,7.40000009536743,0.0099999997764825,102,6,300,1032,3891,,,,,,,93.94363143631436,866630.0,165.0,53.0
8877689391,2016-04-24,16674,15.7399997711182,15.7399997711182,0.0,11.0100002288818,0.0099999997764825,4.69000005722046,0.0,64,1,227,1148,3455,,,,,,,87.28239436619718,619705.0,171.0,51.0
8877689391,2016-04-25,12986,8.73999977111816,8.73999977111816,0.0,2.36999988555908,0.0700000002980232,6.26999998092651,0.0099999997764825,113,8,218,1101,3802,,,,,,,89.80294243986255,836245.0,176.0,49.0
8877689391,2016-04-26,11101,8.43000030517578,8.43000030517578,0.0,1.75999999046326,0.129999995231628,6.5,0.0,22,3,258,1157,2860,,,,,,,67.56028870648174,477381.0,125.0,49.0
8877689391,2016-04-27,23629,20.6499996185303,20.6499996185303,0.0,13.0699996948242,0.439999997615814,7.09999990463257,0.0,93,8,235,1104,3808,,,,,,,84.78037792516581,677480.0,163.0,46.0
8877689391,2016-04-28,14890,11.3000001907349,11.3000001907349,0.0,4.92999982833862,0.379999995231628,5.96999979019165,0.0,58,8,231,1143,3060,,,,,,,66.80925952972105,457443.0,153.0,47.0
8877689391,2016-04-29,9733,7.3899998664856,7.3899998664856,0.0,1.37999999523163,0.170000001788139,5.78999996185303,0.0,18,5,210,1207,2698,,,,,,,64.45597935187841,449516.0,131.0,47.0
8877689391,2016-04-30,27745,26.7199993133545,26.7199993133545,0.0,21.6599998474121,0.0799999982118607,4.92999982833862,0.0,124,4,223,1089,4398,,,,,,,102.18001487726258,824184.0,170.0,49.0
8877689391,2016-05-01,10930,8.31999969482422,8.31999969482422,0.0,3.13000011444092,0.569999992847443,4.57000017166138,0.0,36,12,166,1226,2786,,,,,,,70.71352164465986,423079.0,145.0,48.0
8877689391,2016-05-02,4790,3.64000010490417,3.64000010490417,0.0,0.0,0.0,3.55999994277954,0.0,0,0,105,1335,2189,,,,,,,65.86236338797814,192845.0,108.0,47.0
8877689391,2016-05-03,10818,8.21000003814697,8.21000003814697,0.0,1.38999998569489,0.100000001490116,6.67000007629395,0.0099999997764825,19,3,229,1189,2817,,,,,,,67.47034908173279,481266.0,150.0,48.0
8877689391,2016-05-04,18193,16.2999992370605,16.2999992370605,0.0,10.4200000762939,0.310000002384186,5.53000020980835,0.0,66,8,212,1154,3477,,,,,,,88.3719927687387,635483.0,168.0,56.0
8877689391,2016-05-05,14055,10.6700000762939,10.6700000762939,0.0,5.46000003814697,0.819999992847443,4.36999988555908,0.0,67,15,188,1170,3052,,,,,,,72.85128036769534,443810.0,142.0,53.0
8877689391,2016-05-06,21727,19.3400001525879,19.3400001525879,0.0,12.789999961853,0.28999999165535,6.15999984741211,0.0,96,17,232,1095,4015,,,,,,,92.84012007308796,711341.0,177.0,47.0
8877689391,2016-05-07,12332,8.13000011444092,8.13000011444092,0.0,0.0799999982118607,0.959999978542328,6.98999977111816,0.0,105,28,271,1036,4142,,,,,,,100.99724106219104,878575.0,166.0,56.0
8877689391,2016-05-08,10686,8.10999965667725,8.10999965667725,0.0,1.08000004291534,0.200000002980232,6.80000019073486,0.0,17,4,245,1174,2847,,,,,,,72.55052319225364,464541.0,137.0,54.0
8877689391,2016-05-09,20226,18.25,18.25,0.0,11.1000003814697,0.800000011920929,6.23999977111816,0.0500000007450581,73,19,217,1131,3710,,,,,,,89.61573830793483,682155.0,176.0,51.0
8877689391,2016-05-10,10733,8.14999961853027,8.14999961853027,0.0,1.35000002384186,0.46000000834465,6.28000020980835,0.0,18,11,224,1187,2832,,,,,,,71.54437680230696,446580.0,141.0,50.0
8877689391,2016-05-11,21420,19.5599994659424,19.5599994659424,0.0,13.2200002670288,0.409999996423721,5.8899998664856,0.0,88,12,213,1127,3832,,,,,,,89.14912169847086,705437.0,180.0,48.0
8877689391,2016-05-12,8064,6.11999988555908,6.11999988555908,0.0,1.82000005245209,0.0399999991059303,4.25,0.0,23,1,137,770,1849,,,,,,,71.08743947593278,249588.0,122.0,53.0
